CREATE DATABASE  IF NOT EXISTS `jewelryshopdb` /*!40100 DEFAULT CHARACTER SET utf8mb4 COLLATE utf8mb4_0900_ai_ci */ /*!80016 DEFAULT ENCRYPTION='N' */;
USE `jewelryshopdb`;
-- MySQL dump 10.13  Distrib 8.0.38, for Win64 (x86_64)
--
-- Host: localhost    Database: jewelryshopdb
-- ------------------------------------------------------
-- Server version	8.0.39

/*!40101 SET @OLD_CHARACTER_SET_CLIENT=@@CHARACTER_SET_CLIENT */;
/*!40101 SET @OLD_CHARACTER_SET_RESULTS=@@CHARACTER_SET_RESULTS */;
/*!40101 SET @OLD_COLLATION_CONNECTION=@@COLLATION_CONNECTION */;
/*!50503 SET NAMES utf8 */;
/*!40103 SET @OLD_TIME_ZONE=@@TIME_ZONE */;
/*!40103 SET TIME_ZONE='+00:00' */;
/*!40014 SET @OLD_UNIQUE_CHECKS=@@UNIQUE_CHECKS, UNIQUE_CHECKS=0 */;
/*!40014 SET @OLD_FOREIGN_KEY_CHECKS=@@FOREIGN_KEY_CHECKS, FOREIGN_KEY_CHECKS=0 */;
/*!40101 SET @OLD_SQL_MODE=@@SQL_MODE, SQL_MODE='NO_AUTO_VALUE_ON_ZERO' */;
/*!40111 SET @OLD_SQL_NOTES=@@SQL_NOTES, SQL_NOTES=0 */;

--
-- Table structure for table `customer`
--

DROP TABLE IF EXISTS `customer`;
/*!40101 SET @saved_cs_client     = @@character_set_client */;
/*!50503 SET character_set_client = utf8mb4 */;
CREATE TABLE `customer` (
  `CustomerID` int NOT NULL AUTO_INCREMENT,
  `Name` varchar(100) NOT NULL,
  `Email` varchar(100) NOT NULL,
  `Address` varchar(255) DEFAULT NULL,
  PRIMARY KEY (`CustomerID`),
  UNIQUE KEY `Email` (`Email`)
) ENGINE=InnoDB AUTO_INCREMENT=1001 DEFAULT CHARSET=utf8mb4 COLLATE=utf8mb4_0900_ai_ci;
/*!40101 SET character_set_client = @saved_cs_client */;

--
-- Dumping data for table `customer`
--

LOCK TABLES `customer` WRITE;
/*!40000 ALTER TABLE `customer` DISABLE KEYS */;
INSERT INTO `customer` VALUES (1,'Alice Johnson','alice.johnson@example.com','123 Main St'),(2,'Bob Smith','bob.smith@example.com','456 Elm St'),(3,'Cathy Brown','cathy.brown@example.com','789 Oak St'),(4,'Deeann Giovanardi','dgiovanardi3@mashable.com','78575 Walton Junction'),(5,'Paul Kilmartin','pkilmartin4@about.com','144 Victoria Junction'),(6,'Norma Lamberts','nlamberts5@webs.com','7 Eastlawn Hill'),(7,'Biddy Cowderay','bcowderay6@china.com.cn','50 Ludington Circle'),(8,'Marylou Dodwell','mdodwell7@live.com','6 Lukken Junction'),(9,'Corry Empleton','cempleton8@fastcompany.com','4856 Nancy Way'),(10,'Muire Jeger','mjeger9@craigslist.org','3543 Rusk Road'),(11,'Terrance Mate','tmatea@berkeley.edu','12 Prentice Road'),(12,'Dermot Mahaffey','dmahaffeyb@dagondesign.com','7752 Bluestem Pass'),(13,'Elise Vannikov','evannikovc@narod.ru','9 Amoth Place'),(14,'Burg Giorio','bgioriod@parallels.com','2069 Summit Avenue'),(15,'Hobard Moubray','hmoubraye@hud.gov','739 Blue Bill Park Place'),(16,'Crissie Snaddin','csnaddinf@wp.com','09242 Shelley Junction'),(17,'Jobie Avrahamov','javrahamovg@auda.org.au','69 Kenwood Park'),(18,'Jelene Paolotto','jpaolottoh@xinhuanet.com','6 Oriole Drive'),(19,'Antony Truesdale','atruesdalei@google.co.uk','3 Morningstar Parkway'),(20,'Judie Grassot','jgrassotj@state.tx.us','25 Sundown Center'),(21,'Elana Folke','efolkek@phoca.cz','15407 Rockefeller Hill'),(22,'Gerrilee Tiplady','gtipladyl@si.edu','6 Waywood Road'),(23,'Hanny Koeppe','hkoeppem@craigslist.org','8 Straubel Park'),(24,'Meghann Simmen','msimmenn@disqus.com','0128 Superior Hill'),(25,'Iain Denman','idenmano@dmoz.org','606 Debs Road'),(26,'Melesa McCardle','mmccardlep@scribd.com','63854 Sachs Avenue'),(27,'Asia Zanettini','azanettiniq@abc.net.au','827 Scoville Parkway'),(28,'Myrvyn De Cristofalo','mder@patch.com','6667 Iowa Park'),(29,'Abba Iliffe','ailiffes@youku.com','83447 Mendota Road'),(30,'Cosimo Matveiko','cmatveikot@delicious.com','0042 Mandrake Circle'),(31,'Waly Chancelier','wchancelieru@tumblr.com','84795 Briar Crest Circle'),(32,'Ernesto Melly','emellyv@huffingtonpost.com','1176 Alpine Drive'),(33,'Jorge Odgaard','jodgaardw@goodreads.com','55 Steensland Circle'),(34,'Linn Haughin','lhaughinx@samsung.com','799 North Street'),(35,'Adriena Sarge','asargey@blogs.com','7738 Moland Alley'),(36,'Evan Goddman','egoddmanz@php.net','6 Erie Hill'),(37,'Jordana Chatenier','jchatenier10@home.pl','95 Talisman Pass'),(38,'Patti Greenroad','pgreenroad11@barnesandnoble.com','7354 Larry Crossing'),(39,'Atlanta Trinder','atrinder12@freewebs.com','92729 Summerview Park'),(40,'Mervin Pinchen','mpinchen13@meetup.com','61 Kinsman Hill'),(41,'Fitzgerald Huckerby','fhuckerby14@yandex.ru','99713 Ronald Regan Circle'),(42,'Francisca Camosso','fcamosso15@plala.or.jp','686 Cascade Way'),(43,'Ynez Flieg','yflieg16@jimdo.com','592 Lien Hill'),(44,'Paten Fransinelli','pfransinelli17@sphinn.com','85 Maple Street'),(45,'Violet Rapps','vrapps18@salon.com','65534 Carpenter Drive'),(46,'Joan Cridge','jcridge19@qq.com','4 Starling Alley'),(47,'Dex Keysel','dkeysel1a@columbia.edu','18 Blue Bill Park Junction'),(48,'Laurel McAvey','lmcavey1b@yale.edu','172 Surrey Court'),(49,'Finley Hawk','fhawk1c@wunderground.com','783 Sage Parkway'),(50,'Mattheus Jellico','mjellico1d@etsy.com','76953 Sycamore Circle'),(51,'Catriona Herche','cherche1e@reference.com','79740 Kipling Hill'),(52,'Danni Lenthall','dlenthall1f@economist.com','2 8th Trail'),(53,'Shina L\' Anglois','sl1g@blogtalkradio.com','9 Kingsford Circle'),(54,'Jacquenette Vobes','jvobes1h@yellowbook.com','3415 Susan Center'),(55,'Otto Frediani','ofrediani1i@naver.com','2 Maywood Junction'),(56,'Alyss Lavallie','alavallie1j@gov.uk','79560 Merry Center'),(57,'Aviva Duckworth','aduckworth1k@bandcamp.com','134 Esker Crossing'),(58,'Lynnett Verbrugge','lverbrugge1l@home.pl','9 Myrtle Pass'),(59,'Stevana Millen','smillen1m@furl.net','055 Porter Crossing'),(60,'Ginevra Sarjent','gsarjent1n@nationalgeographic.com','50 Sherman Plaza'),(61,'Joseph Muldrew','jmuldrew1o@aol.com','6899 West Point'),(62,'Hammad Gorler','hgorler1p@histats.com','1165 8th Parkway'),(63,'Dulcia Peter','dpeter1q@columbia.edu','97954 Anderson Crossing'),(64,'Jinny Wotherspoon','jwotherspoon1r@nytimes.com','618 Nova Road'),(65,'Erastus Grunwald','egrunwald1s@uiuc.edu','6 Bonner Junction'),(66,'Zorine Hardwell','zhardwell1t@shop-pro.jp','91 Sommers Center'),(67,'Thorsten Been','tbeen1u@wikipedia.org','159 Kenwood Circle'),(68,'Zak Winley','zwinley1v@cnet.com','23 Golden Leaf Park'),(69,'Talbert Pollie','tpollie1w@pinterest.com','77720 Iowa Center'),(70,'Timmy D\'Aulby','tdaulby1x@gov.uk','137 Cody Point'),(71,'Edith Winpenny','ewinpenny1y@sciencedaily.com','4 Pond Crossing'),(72,'Joice Georgi','jgeorgi1z@ed.gov','51 Forest Court'),(73,'Chelsae Ripper','cripper20@canalblog.com','7453 Veith Trail'),(74,'Kristo Kernaghan','kkernaghan21@princeton.edu','4 Westport Parkway'),(75,'Cleve Bresnahan','cbresnahan22@chron.com','794 Artisan Pass'),(76,'Jaine Chable','jchable23@360.cn','17360 Waxwing Park'),(77,'Alanson Tonepohl','atonepohl24@bbb.org','8 Myrtle Way'),(78,'Jocelyn Hatton','jhatton25@shop-pro.jp','9 Old Shore Crossing'),(79,'Kati Wheelhouse','kwheelhouse26@shutterfly.com','34 Fremont Lane'),(80,'Maressa Ridel','mridel27@google.cn','62327 Manley Alley'),(81,'Elmira Ettles','eettles28@latimes.com','12604 Duke Court'),(82,'Bibbye Sallenger','bsallenger29@samsung.com','10 Anthes Hill'),(83,'Naoma Chawkley','nchawkley2a@yale.edu','9359 International Court'),(84,'Jacquette Hanssmann','jhanssmann2b@tripadvisor.com','56 Randy Road'),(85,'Annadiane Killen','akillen2c@trellian.com','35 Hintze Trail'),(86,'Barnie Laborda','blaborda2d@wikimedia.org','7 Ramsey Point'),(87,'Kalil Maylott','kmaylott2e@unicef.org','715 Randy Parkway'),(88,'Gnni Bland','gbland2f@shutterfly.com','361 Stuart Park'),(89,'Graig Lathleiffure','glathleiffure2g@wix.com','278 Bartelt Drive'),(90,'Brigham Baselio','bbaselio2h@epa.gov','025 Logan Circle'),(91,'Onfre Penni','openni2i@smh.com.au','29 Tennessee Plaza'),(92,'Marylinda Yakuntsov','myakuntsov2j@theglobeandmail.com','35474 Dapin Terrace'),(93,'Packston Spivie','pspivie2k@dagondesign.com','5811 Northport Way'),(94,'Grete Hencke','ghencke2l@senate.gov','265 Marquette Court'),(95,'Demott Redmore','dredmore2m@google.com','48477 Stang Alley'),(96,'Corny Alebrooke','calebrooke2n@sogou.com','024 Huxley Court'),(97,'Genni Thorburn','gthorburn2o@google.co.uk','669 Delaware Crossing'),(98,'Jacky Crisford','jcrisford2p@discovery.com','2909 Nelson Hill'),(99,'Llywellyn Janus','ljanus2q@google.ru','5723 Sycamore Plaza'),(100,'Nonnah Fessler','nfessler2r@lulu.com','8117 Aberg Lane'),(101,'Levin Postans','lpostans2s@arizona.edu','4045 Toban Circle'),(102,'Jules Targetter','jtargetter2t@stumbleupon.com','86 Nevada Plaza'),(103,'Brinn Wynne','bwynne2u@about.com','8 Village Drive'),(104,'Joellen Paramore','jparamore2v@blogger.com','0 Morning Avenue'),(105,'Constancia Frugier','cfrugier2w@cdc.gov','6 Fair Oaks Alley'),(106,'Mikael Warlock','mwarlock2x@webmd.com','1328 Carpenter Court'),(107,'Jere Naulty','jnaulty2y@buzzfeed.com','79495 Glendale Circle'),(108,'Phillie Trengrouse','ptrengrouse2z@wired.com','37 Banding Junction'),(109,'Farrel Steels','fsteels30@psu.edu','1 Meadow Ridge Park'),(110,'Brand Du Fray','bdu31@timesonline.co.uk','91 Loftsgordon Court'),(111,'Giovanna Ellor','gellor32@exblog.jp','62905 Dwight Circle'),(112,'Margarethe Canavan','mcanavan33@reference.com','684 Manley Street'),(113,'Ogdan O\'Mahoney','oomahoney34@msu.edu','071 Lighthouse Bay Terrace'),(114,'Aurore Hymans','ahymans35@google.fr','4 Caliangt Street'),(115,'Gwyneth O\'Connell','goconnell36@unicef.org','24574 Buena Vista Park'),(116,'Idalia Nardi','inardi37@seattletimes.com','3779 Briar Crest Circle'),(117,'Tiffie Islep','tislep38@ezinearticles.com','61466 Fisk Terrace'),(118,'Isidora Perello','iperello39@patch.com','9676 Forster Trail'),(119,'Gisela Marshland','gmarshland3a@google.com.br','7785 Beilfuss Terrace'),(120,'Hadrian Bouda','hbouda3b@soundcloud.com','29693 Hauk Place'),(121,'Moss Hiley','mhiley3c@networkadvertising.org','8854 Westridge Way'),(122,'Marlee De Freitas','mde3d@histats.com','4 Marcy Avenue'),(123,'Beryl Stirzaker','bstirzaker3e@hc360.com','987 Towne Drive'),(124,'Chuck Duffit','cduffit3f@example.com','2934 Merry Avenue'),(125,'Aubrey Sinnie','asinnie3g@arizona.edu','66 Chive Park'),(126,'Bernete Kain','bkain3h@ustream.tv','29547 Spaight Road'),(127,'Nicolina Dionsetto','ndionsetto3i@digg.com','8 Muir Junction'),(128,'Odell Clemendot','oclemendot3j@devhub.com','59 Mayfield Plaza'),(129,'Dyna Sherington','dsherington3k@discuz.net','79 Delaware Junction'),(130,'Aline Jepperson','ajepperson3l@freewebs.com','7 Express Avenue'),(131,'Rich Hiddsley','rhiddsley3m@bbc.co.uk','93104 Schurz Point'),(132,'Juana Lochhead','jlochhead3n@bloglines.com','92 Thackeray Alley'),(133,'Heidie Kesteven','hkesteven3o@cnn.com','7 Mcbride Way'),(134,'Basilio Tinmouth','btinmouth3p@xing.com','6118 Maryland Trail'),(135,'Melitta Bentinck','mbentinck3q@aboutads.info','1 Russell Junction'),(136,'Alex Benito','abenito3r@prnewswire.com','9408 Sunbrook Center'),(137,'Miriam Patty','mpatty3s@mashable.com','75426 Arkansas Point'),(138,'Gale Votier','gvotier3t@desdev.cn','0 Arkansas Way'),(139,'Carissa Eveling','ceveling3u@1und1.de','8971 Dennis Hill'),(140,'Connie Ortzen','cortzen3v@yellowpages.com','9669 Ohio Hill'),(141,'Kat Trevers','ktrevers3w@ehow.com','0 North Point'),(142,'Hube Alexander','halexander3x@youtube.com','5524 5th Alley'),(143,'Consuelo Altham','caltham3y@altervista.org','19632 Shopko Pass'),(144,'Glenn Malser','gmalser3z@technorati.com','64699 Hoepker Circle'),(145,'Myrah Riddoch','mriddoch40@buzzfeed.com','2481 Continental Terrace'),(146,'Liv Bault','lbault41@vistaprint.com','1 Manley Point'),(147,'Anatollo Domegan','adomegan42@drupal.org','93821 Lawn Junction'),(148,'Brittany Dorn','bdorn43@eventbrite.com','61 Arrowood Way'),(149,'Odelinda Armistead','oarmistead44@artisteer.com','3850 Loomis Center'),(150,'Trey Mantha','tmantha45@answers.com','1165 Forest Run Point'),(151,'Verena Baldi','vbaldi46@dmoz.org','800 4th Circle'),(152,'Koral Savill','ksavill47@purevolume.com','386 Pleasure Terrace'),(153,'Murdock Kohrsen','mkohrsen48@walmart.com','0 Orin Crossing'),(154,'Deonne Carpenter','dcarpenter49@parallels.com','4030 Katie Avenue'),(155,'Lynnea Santora','lsantora4a@so-net.ne.jp','3555 Weeping Birch Drive'),(156,'Ebony Muggach','emuggach4b@goo.gl','32885 Victoria Trail'),(157,'Mira Jarlmann','mjarlmann4c@reverbnation.com','85 Merchant Road'),(158,'Jamill Whitehouse','jwhitehouse4d@pcworld.com','86558 American Ash Crossing'),(159,'Weider Lardnar','wlardnar4e@fastcompany.com','637 Dovetail Hill'),(160,'Godard Kinig','gkinig4f@webnode.com','36 Shelley Pass'),(161,'Trumaine Yeomans','tyeomans4g@surveymonkey.com','8 School Road'),(162,'Shannon Dunsford','sdunsford4h@hostgator.com','0 Morningstar Terrace'),(163,'Glennis Goodburn','ggoodburn4i@ucoz.ru','130 Kenwood Parkway'),(164,'Alisa Woolpert','awoolpert4j@washingtonpost.com','79155 Clarendon Trail'),(165,'Hilton Ogan','hogan4k@house.gov','90 7th Way'),(166,'Gloriana Cookson','gcookson4l@google.ru','60621 Eastwood Lane'),(167,'Georgiana Grellis','ggrellis4m@linkedin.com','31 Vera Plaza'),(168,'Madalena Philcox','mphilcox4n@cafepress.com','97 Stone Corner Pass'),(169,'Manya Keast','mkeast4o@boston.com','1 7th Terrace'),(170,'Gerty Vasiliu','gvasiliu4p@marketwatch.com','0205 South Hill'),(171,'Alfredo MacNally','amacnally4q@ocn.ne.jp','94 Stuart Alley'),(172,'Lucine Garvill','lgarvill4r@wordpress.org','75476 Blaine Center'),(173,'Marvin Reay','mreay4s@feedburner.com','33494 Lunder Place'),(174,'Marlo Coyte','mcoyte4t@prweb.com','68 Hanson Crossing'),(175,'Gunilla Meredith','gmeredith4u@wufoo.com','62 Scott Crossing'),(176,'Magdaia Snookes','msnookes4v@infoseek.co.jp','71 Dryden Junction'),(177,'Morie Sprankling','msprankling4w@independent.co.uk','96859 Gerald Place'),(178,'Alexia Alison','aalison4x@ox.ac.uk','583 School Drive'),(179,'Pyotr Taleworth','ptaleworth4y@addtoany.com','277 Leroy Center'),(180,'Bernardine Meeland','bmeeland4z@harvard.edu','432 Butternut Parkway'),(181,'Rex Kenvin','rkenvin50@slate.com','173 Macpherson Drive'),(182,'Culver Scare','cscare51@shop-pro.jp','4487 Hudson Lane'),(183,'Janith Ivanenko','jivanenko52@bing.com','2871 Elgar Pass'),(184,'Valaree Fairlamb','vfairlamb53@prweb.com','6256 Grasskamp Pass'),(185,'Bobby Finneran','bfinneran54@imdb.com','191 Reindahl Court'),(186,'Tommie Bavage','tbavage55@creativecommons.org','818 Roth Way'),(187,'Abagail Pre','apre56@admin.ch','50551 Northport Alley'),(188,'Billi Fussen','bfussen57@theglobeandmail.com','08 Stang Way'),(189,'Bennie Tidswell','btidswell58@hp.com','1050 Ruskin Court'),(190,'Berny Fetherstone','bfetherstone59@miibeian.gov.cn','831 Redwing Drive'),(191,'Armin Tanman','atanman5a@tuttocitta.it','88683 Transport Place'),(192,'Wilden Frissell','wfrissell5b@51.la','044 Pankratz Road'),(193,'Murvyn Bleasdale','mbleasdale5c@bluehost.com','54199 Carpenter Center'),(194,'Cash Hazeltine','chazeltine5d@pinterest.com','530 Veith Point'),(195,'Merry MacTrustie','mmactrustie5e@ed.gov','13738 Corben Street'),(196,'Jeanine Attoc','jattoc5f@google.co.uk','6738 Algoma Parkway'),(197,'Isabella Bleasdille','ibleasdille5g@foxnews.com','95 Ilene Circle'),(198,'Page Corkett','pcorkett5h@purevolume.com','58 Ohio Parkway'),(199,'Marilyn Nulty','mnulty5i@ucoz.com','565 Elmside Court'),(200,'Maurits Vasler','mvasler5j@engadget.com','26801 Iowa Hill'),(201,'Steven Aven','saven5k@bloomberg.com','5 Toban Place'),(202,'Aubree Gerrels','agerrels5l@thetimes.co.uk','5803 Norway Maple Pass'),(203,'Anabelle Spinney','aspinney5m@webs.com','52084 Browning Circle'),(204,'Barri Peterffy','bpeterffy5n@homestead.com','0 Evergreen Trail'),(205,'Claire Opfer','copfer5o@qq.com','74844 Barby Junction'),(206,'Violet Clarke-Williams','vclarkewilliams5p@youtu.be','3 Aberg Point'),(207,'Dominica Mitchley','dmitchley5q@forbes.com','63 Fuller Court'),(208,'Ab Adamovitz','aadamovitz5r@nbcnews.com','745 Mitchell Lane'),(209,'Karl Ranvoise','kranvoise5s@nature.com','0791 Londonderry Road'),(210,'Gannon Perham','gperham5t@sun.com','4 Roxbury Lane'),(211,'Sherry Hellicar','shellicar5u@marketwatch.com','6298 Mccormick Place'),(212,'Tiler Cato','tcato5v@quantcast.com','324 Eagle Crest Junction'),(213,'Aura O\'Cannovane','aocannovane5w@1688.com','5 Mccormick Court'),(214,'Mario Montez','mmontez5x@ucoz.ru','18627 Kennedy Center'),(215,'Berti Weblin','bweblin5y@gravatar.com','15 Amoth Alley'),(216,'Quinlan Kenington','qkenington5z@bloglines.com','9238 Fallview Pass'),(217,'Gran Lebrun','glebrun60@washington.edu','46585 Hoffman Avenue'),(218,'Falkner Brain','fbrain61@angelfire.com','00 Butterfield Way'),(219,'Norton O\'Bradane','nobradane62@cbslocal.com','4 Erie Drive'),(220,'Uta Forst','uforst63@dell.com','492 Old Gate Way'),(221,'Stephan Gammon','sgammon64@hc360.com','1813 Laurel Lane'),(222,'Jethro Largan','jlargan65@upenn.edu','54741 Garrison Trail'),(223,'Gloria Ganny','gganny66@nature.com','71 Bay Plaza'),(224,'Ramsey Rissen','rrissen67@go.com','0 Lighthouse Bay Junction'),(225,'Ella Deny','edeny68@mac.com','60 Marquette Plaza'),(226,'Brigida Brozek','bbrozek69@live.com','6562 Lakewood Gardens Road'),(227,'Olwen Tretter','otretter6a@opensource.org','2123 Alpine Drive'),(228,'Betteann Patullo','bpatullo6b@businesswire.com','292 Duke Lane'),(229,'Odessa Welsby','owelsby6c@gravatar.com','890 Park Meadow Plaza'),(230,'Virgilio Pratty','vpratty6d@cisco.com','16777 Sunfield Circle'),(231,'Carey Harker','charker6e@furl.net','1 Killdeer Court'),(232,'Dell Cadwell','dcadwell6f@vistaprint.com','461 Tomscot Point'),(233,'Honey Gooderridge','hgooderridge6g@oaic.gov.au','83011 Twin Pines Trail'),(234,'Davida White','dwhite6h@icio.us','63 Susan Hill'),(235,'Ysabel Beuscher','ybeuscher6i@google.com.br','501 Stoughton Terrace'),(236,'Christine Ericssen','cericssen6j@arstechnica.com','935 Dawn Crossing'),(237,'Dottie Ellery','dellery6k@ihg.com','99080 Evergreen Terrace'),(238,'Huntington Ormond','hormond6l@de.vu','1379 Ramsey Road'),(239,'Wallas McCotter','wmccotter6m@tuttocitta.it','9538 Mccormick Crossing'),(240,'Levon Balnave','lbalnave6n@nature.com','00 Dexter Way'),(241,'Casie Beattie','cbeattie6o@yahoo.com','173 Charing Cross Pass'),(242,'Rahal Assard','rassard6p@imgur.com','273 Carioca Avenue'),(243,'Lanna Ellar','lellar6q@amazonaws.com','501 Waywood Plaza'),(244,'Jenifer Cumming','jcumming6r@tinyurl.com','28 Village Court'),(245,'Maryanne Pescott','mpescott6s@mozilla.org','49473 Schlimgen Trail'),(246,'Althea Speers','aspeers6t@shinystat.com','67 Trailsway Court'),(247,'Hermione Teaze','hteaze6u@ebay.com','01 Bashford Lane'),(248,'Lura McGirr','lmcgirr6v@twitter.com','534 Maryland Drive'),(249,'Kala McElree','kmcelree6w@dell.com','2991 Morningstar Place'),(250,'Brad Andres','bandres6x@deviantart.com','38488 Rockefeller Terrace'),(251,'Hillier Crewther','hcrewther6y@scientificamerican.com','9 Ryan Trail'),(252,'Joseph Dugget','jdugget6z@rediff.com','75203 Independence Avenue'),(253,'Orrin Howship','ohowship70@economist.com','65967 Gerald Plaza'),(254,'Rodolph Baudinelli','rbaudinelli71@nps.gov','46357 David Parkway'),(255,'Gert Bickers','gbickers72@amazonaws.com','25470 International Center'),(256,'Roderigo Yarrall','ryarrall73@vkontakte.ru','3845 Jenna Plaza'),(257,'Susi Lamplugh','slamplugh74@dell.com','2 Garrison Lane'),(258,'Siward Nuttey','snuttey75@yahoo.co.jp','177 Meadow Ridge Drive'),(259,'Martita Bettesworth','mbettesworth76@psu.edu','6447 Monument Parkway'),(260,'Trent Lemme','tlemme77@about.me','513 Waywood Center'),(261,'Tallulah Henric','thenric78@tinyurl.com','264 Huxley Trail'),(262,'Leroi Rottger','lrottger79@dmoz.org','6222 Amoth Park'),(263,'Sterne Pevie','spevie7a@si.edu','98953 Golf View Park'),(264,'Sella Carman','scarman7b@issuu.com','7653 Portage Park'),(265,'Ora Polye','opolye7c@rambler.ru','09607 Claremont Plaza'),(266,'Charil Shirtliff','cshirtliff7d@i2i.jp','5 Blue Bill Park Place'),(267,'Doralia Emblow','demblow7e@theatlantic.com','4788 Lotheville Crossing'),(268,'Danika Letson','dletson7f@nymag.com','0740 Chinook Center'),(269,'Davie Pendock','dpendock7g@addtoany.com','956 Memorial Drive'),(270,'Dyanna Cullinan','dcullinan7h@skype.com','236 Independence Plaza'),(271,'Hadley Mowles','hmowles7i@ocn.ne.jp','28264 Northwestern Parkway'),(272,'Betti Izakoff','bizakoff7j@merriam-webster.com','4953 Amoth Lane'),(273,'Priscilla Cesconi','pcesconi7k@hatena.ne.jp','4 Pierstorff Pass'),(274,'Osbourn Daintrey','odaintrey7l@techcrunch.com','89 Autumn Leaf Point'),(275,'Kimbell Ferrier','kferrier7m@posterous.com','08325 Ohio Road'),(276,'Penny Hurton','phurton7n@kickstarter.com','962 Brentwood Parkway'),(277,'Jarrett Karolowski','jkarolowski7o@artisteer.com','5057 Oxford Way'),(278,'Quinton Swaysland','qswaysland7p@yahoo.co.jp','67587 Hayes Way'),(279,'Darb Toler','dtoler7q@diigo.com','5 Waubesa Point'),(280,'Judy Albon','jalbon7r@phoca.cz','25 Acker Crossing'),(281,'Blondell Caldicot','bcaldicot7s@aboutads.info','30337 Hazelcrest Park'),(282,'Alison Fazakerley','afazakerley7t@disqus.com','3 Sachs Terrace'),(283,'Emmalee Wakelam','ewakelam7u@fc2.com','20022 Service Trail'),(284,'Alayne Stearndale','astearndale7v@taobao.com','859 Beilfuss Crossing'),(285,'Zebedee Shefton','zshefton7w@usnews.com','4686 Drewry Street'),(286,'Dorthea Wackett','dwackett7x@freewebs.com','95699 Nobel Terrace'),(287,'Caralie Klinck','cklinck7y@businesswire.com','2 Melody Plaza'),(288,'Lynette Blazewicz','lblazewicz7z@acquirethisname.com','52711 Spenser Hill'),(289,'Rabi Flaxman','rflaxman80@examiner.com','5383 Autumn Leaf Circle'),(290,'Molly Ganiford','mganiford81@irs.gov','317 Welch Street'),(291,'Bearnard Coppock.','bcoppock82@acquirethisname.com','792 Summit Hill'),(292,'Juan Seid','jseid83@xing.com','06571 Troy Park'),(293,'Harmonia Cornejo','hcornejo84@comsenz.com','362 Rieder Way'),(294,'Trula Ivanyukov','tivanyukov85@howstuffworks.com','0831 Village Green Pass'),(295,'Parsifal Been','pbeen86@earthlink.net','927 Corscot Crossing'),(296,'Vivia Lordon','vlordon87@myspace.com','4 Brown Avenue'),(297,'Dallas Haggish','dhaggish88@stumbleupon.com','5189 Nobel Circle'),(298,'Cesya Esplin','cesplin89@economist.com','899 Tony Parkway'),(299,'Parrnell Willgress','pwillgress8a@dot.gov','0 Hagan Pass'),(300,'Corina Vanacci','cvanacci8b@usda.gov','20 Memorial Terrace'),(301,'Gerick Van der Brugge','gvan8c@amazon.com','155 Sutherland Terrace'),(302,'Biddy Burdess','bburdess8d@mayoclinic.com','5642 Kipling Hill'),(303,'Marta Plant','mplant8e@marketwatch.com','994 Old Shore Circle'),(304,'Everett Hitschke','ehitschke8f@whitehouse.gov','4 Continental Road'),(305,'Karia Burner','kburner8g@pbs.org','8 Lien Way'),(306,'Weber Delicate','wdelicate8h@issuu.com','58 Gina Court'),(307,'Engelbert Robak','erobak8i@mapy.cz','0 Talisman Parkway'),(308,'Langsdon Dubois','ldubois8j@macromedia.com','8710 Elka Alley'),(309,'Antin Scrivens','ascrivens8k@github.io','52514 Maple Avenue'),(310,'Willi Biskupski','wbiskupski8l@netscape.com','5 Thompson Street'),(311,'Lyndsie Dorkin','ldorkin8m@joomla.org','56 Independence Plaza'),(312,'Jarid Chatfield','jchatfield8n@deviantart.com','2385 Banding Court'),(313,'Ninnetta Crate','ncrate8o@freewebs.com','766 Fremont Hill'),(314,'Rancell Neath','rneath8p@symantec.com','902 Sommers Place'),(315,'Isidro Bolzmann','ibolzmann8q@amazon.de','8579 Oxford Pass'),(316,'Theodore Danieli','tdanieli8r@smugmug.com','8861 Hudson Road'),(317,'Livvy Corgenvin','lcorgenvin8s@berkeley.edu','25616 Valley Edge Junction'),(318,'Shelagh Consterdine','sconsterdine8t@yahoo.co.jp','08630 International Plaza'),(319,'Shep Axtens','saxtens8u@elpais.com','8 Everett Terrace'),(320,'Harley Molesworth','hmolesworth8v@skype.com','03 Hermina Street'),(321,'Alma Bagley','abagley8w@cam.ac.uk','10 Merry Drive'),(322,'Jarred Treuge','jtreuge8x@infoseek.co.jp','6 Melby Court'),(323,'Yvonne Sayton','ysayton8y@usda.gov','35507 Burrows Circle'),(324,'Dilan Flaubert','dflaubert8z@youtu.be','7645 Dottie Point'),(325,'Giacinta Assiter','gassiter90@trellian.com','43226 School Place'),(326,'Darlene Gilpin','dgilpin91@dion.ne.jp','847 Alpine Lane'),(327,'Allyson Bellefonte','abellefonte92@sina.com.cn','0277 Bartelt Terrace'),(328,'Lotti Barens','lbarens93@opera.com','149 Beilfuss Street'),(329,'Lissy Skellen','lskellen94@imageshack.us','8 Holy Cross Avenue'),(330,'Louis Smorthwaite','lsmorthwaite95@ft.com','45782 Melby Way'),(331,'Fredrick Cavaney','fcavaney96@dailymotion.com','3 Becker Park'),(332,'Flore MacFadin','fmacfadin97@si.edu','73 Granby Drive'),(333,'Durand Lennarde','dlennarde98@omniture.com','33635 Old Shore Park'),(334,'Fedora Deboo','fdeboo99@hhs.gov','62641 Dexter Hill'),(335,'Marlo Moverley','mmoverley9a@ucla.edu','783 Katie Point'),(336,'Karlie Cuel','kcuel9b@msn.com','8955 Bashford Trail'),(337,'Gaylor Comber','gcomber9c@xrea.com','6 Welch Pass'),(338,'Dre Danihel','ddanihel9d@unicef.org','1 Oak Avenue'),(339,'Leese Dumke','ldumke9e@si.edu','0829 Melrose Alley'),(340,'Cathyleen Moffet','cmoffet9f@msu.edu','22562 Crowley Court'),(341,'Jenna Pagin','jpagin9g@hhs.gov','07730 Bartillon Junction'),(342,'Brande Iremonger','biremonger9h@mapy.cz','97 Gateway Park'),(343,'Cheryl Chessil','cchessil9i@ocn.ne.jp','7023 Evergreen Alley'),(344,'Orland Boig','oboig9j@ameblo.jp','53023 Loeprich Point'),(345,'Don Adshad','dadshad9k@google.pl','1 Oxford Park'),(346,'Bibbye Kaley','bkaley9l@nps.gov','807 Porter Park'),(347,'Artemis Benger','abenger9m@csmonitor.com','1184 Namekagon Hill'),(348,'Arlinda Lauridsen','alauridsen9n@163.com','95696 Redwing Center'),(349,'Damian Deehan','ddeehan9o@yahoo.com','976 Esker Lane'),(350,'Alfy Snoddy','asnoddy9p@mapquest.com','35 Meadow Vale Street'),(351,'Prisca Savil','psavil9q@disqus.com','476 Independence Court'),(352,'Claresta Beardon','cbeardon9r@theatlantic.com','36 Anhalt Court'),(353,'Merv Rudham','mrudham9s@home.pl','8714 Stone Corner Plaza'),(354,'Brett Kinlock','bkinlock9t@webnode.com','236 Sauthoff Lane'),(355,'Reuven Leisk','rleisk9u@ning.com','97 Kensington Parkway'),(356,'Kennett Comberbach','kcomberbach9v@plala.or.jp','5 Lillian Drive'),(357,'Court Kippin','ckippin9w@arizona.edu','7 Bay Parkway'),(358,'Kamilah Davidsen','kdavidsen9x@ca.gov','16230 Arkansas Plaza'),(359,'Helaine Samuels','hsamuels9y@jimdo.com','9 Delladonna Court'),(360,'Netty Daynter','ndaynter9z@youtu.be','0732 Helena Circle'),(361,'Marin De la Perrelle','mdea0@csmonitor.com','9 Schmedeman Hill'),(362,'Guthrie Gino','gginoa1@1688.com','717 Granby Drive'),(363,'Aleksandr Tolputt','atolputta2@vk.com','38388 Sachtjen Parkway'),(364,'Ula Senecaut','usenecauta3@globo.com','37 Carpenter Avenue'),(365,'Burlie McMurthy','bmcmurthya4@state.gov','05 Cordelia Place'),(366,'Rafi Fernandes','rfernandesa5@people.com.cn','4 Hallows Drive'),(367,'Marielle Hughesdon','mhughesdona6@cloudflare.com','58 Oxford Avenue'),(368,'Berthe Billes','bbillesa7@i2i.jp','58 Dwight Road'),(369,'Sky Gaytor','sgaytora8@homestead.com','8259 Muir Crossing'),(370,'Herc McKendo','hmckendoa9@sfgate.com','385 North Point'),(371,'Ailee Rotter','arotteraa@amazon.co.jp','7926 Oak Park'),(372,'Iain Sommerfeld','isommerfeldab@mapy.cz','76 Division Road'),(373,'Thorvald Andreone','tandreoneac@yolasite.com','49639 Pine View Parkway'),(374,'Adriena Biagioni','abiagioniad@businessinsider.com','70 Surrey Plaza'),(375,'Delmar Munnion','dmunnionae@google.com.hk','8 Merry Point'),(376,'Joby Wyles','jwylesaf@tumblr.com','3709 Westend Point'),(377,'Kakalina MacKonochie','kmackonochieag@psu.edu','6 Anzinger Parkway'),(378,'Guillema Fetherstone','gfetherstoneah@bloglovin.com','86885 Utah Lane'),(379,'Alexandre Dudding','aduddingai@bluehost.com','6 Browning Trail'),(380,'Nobe Dakhov','ndakhovaj@indiegogo.com','7386 Surrey Parkway'),(381,'Midge Yarrow','myarrowak@51.la','4 Park Meadow Avenue'),(382,'Courtnay Hallen','challenal@multiply.com','81 Ridge Oak Center'),(383,'Millie Moulder','mmoulderam@cnn.com','00 Maywood Junction'),(384,'Beale Fumagalli','bfumagallian@webeden.co.uk','2 Hooker Court'),(385,'Rowan Pagitt','rpagittao@w3.org','804 Corscot Trail'),(386,'Carrie Kirvin','ckirvinap@desdev.cn','9 Stephen Plaza'),(387,'Andrej Tolumello','atolumelloaq@hostgator.com','72 Nevada Lane'),(388,'Mill Denniss','mdennissar@4shared.com','99715 Farmco Alley'),(389,'Evered Dockwra','edockwraas@washington.edu','17 Old Shore Street'),(390,'Amelita Sketch','asketchat@ftc.gov','07722 Northfield Trail'),(391,'Willi Barber','wbarberau@sohu.com','88202 Holmberg Crossing'),(392,'Meghan Gatherell','mgatherellav@php.net','9 Springview Lane'),(393,'Liliane Garces','lgarcesaw@mozilla.com','745 Upham Terrace'),(394,'Pennie Avon','pavonax@netlog.com','6 Dayton Alley'),(395,'Ernesto Rogge','eroggeay@jalbum.net','6 Farwell Road'),(396,'Janot Jerred','jjerredaz@sciencedaily.com','1332 La Follette Way'),(397,'Laney Calderon','lcalderonb0@spiegel.de','65 Magdeline Street'),(398,'Loretta Cassin','lcassinb1@accuweather.com','126 Kipling Parkway'),(399,'Wally Jencken','wjenckenb2@ihg.com','4169 Lakewood Gardens Place'),(400,'Woodie Dibden','wdibdenb3@wordpress.org','599 Vera Hill'),(401,'Davon Sturdgess','dsturdgessb4@geocities.jp','8679 Linden Alley'),(402,'Alaric Comusso','acomussob5@free.fr','13206 Bartelt Pass'),(403,'Smith Thaw','sthawb6@scribd.com','86 3rd Center'),(404,'Barty Popham','bpophamb7@canalblog.com','0778 Upham Avenue'),(405,'Nanice Hugonin','nhugoninb8@about.com','000 Claremont Hill'),(406,'Clayton Drover','cdroverb9@utexas.edu','347 Pepper Wood Hill'),(407,'Ame Males','amalesba@wp.com','1 Truax Terrace'),(408,'Gina Bartelli','gbartellibb@google.de','3450 Corscot Pass'),(409,'Chico Valentelli','cvalentellibc@gov.uk','3 Tennessee Road'),(410,'Fabien Munton','fmuntonbd@moonfruit.com','408 Katie Road'),(411,'Corrianne Matzkaitis','cmatzkaitisbe@baidu.com','9 Schiller Center'),(412,'Allina Trounson','atrounsonbf@github.io','7388 Coolidge Crossing'),(413,'Evangelia Bartolomieu','ebartolomieubg@businesswire.com','43011 Talmadge Hill'),(414,'Christian McLauchlin','cmclauchlinbh@cmu.edu','3 Sugar Court'),(415,'Rebekah Reddington','rreddingtonbi@prlog.org','5582 Texas Road'),(416,'Chandler McGettigan','cmcgettiganbj@trellian.com','7976 Northview Way'),(417,'Neila Cawthorn','ncawthornbk@ftc.gov','3083 Porter Lane'),(418,'Cally Sands-Allan','csandsallanbl@chron.com','80149 Thierer Place'),(419,'Pepe Rosenthaler','prosenthalerbm@technorati.com','224 Sutherland Point'),(420,'Jethro Sermin','jserminbn@netvibes.com','6159 Dakota Pass'),(421,'Raf Wagge','rwaggebo@foxnews.com','24 Eastwood Park'),(422,'Gisella Sowte','gsowtebp@prnewswire.com','067 Weeping Birch Trail'),(423,'Lavena Hallows','lhallowsbq@blogger.com','1775 Village Hill'),(424,'Raynor Baskett','rbaskettbr@wikispaces.com','0250 Dexter Avenue'),(425,'Annnora Hourihane','ahourihanebs@phoca.cz','365 Jackson Way'),(426,'Evangelin Bernhard','ebernhardbt@google.de','2057 Dapin Drive'),(427,'La verne Osborne','lvernebu@shareasale.com','7 Brickson Park Center'),(428,'Tyson Klimpt','tklimptbv@jigsy.com','28 Eagan Trail'),(429,'Vi Levet','vlevetbw@1688.com','2 Westerfield Park'),(430,'Gene Rickesies','grickesiesbx@xrea.com','77 Portage Plaza'),(431,'Penelope Rickell','prickellby@huffingtonpost.com','295 Park Meadow Court'),(432,'Mirella Sturmey','msturmeybz@unc.edu','7143 Dawn Drive'),(433,'Demetris Osipenko','dosipenkoc0@noaa.gov','3688 Bunker Hill Park'),(434,'Fionna Sebright','fsebrightc1@aol.com','44 Clemons Trail'),(435,'Miguelita Betun','mbetunc2@mashable.com','14419 Killdeer Junction'),(436,'Thadeus Spray','tsprayc3@hostgator.com','8626 Bultman Terrace'),(437,'Vanya Newcom','vnewcomc4@com.com','54 Crowley Way'),(438,'Vikki Dionisetto','vdionisettoc5@nytimes.com','23829 Wayridge Court'),(439,'Bartholomeus Brugger','bbruggerc6@yahoo.com','606 Crownhardt Lane'),(440,'Esma Klosa','eklosac7@ft.com','83984 Bunker Hill Drive'),(441,'Ethelda Remmers','eremmersc8@mayoclinic.com','9517 Old Shore Place'),(442,'Delmor Moring','dmoringc9@blogtalkradio.com','82487 Brown Place'),(443,'Adriana Dutnall','adutnallca@sina.com.cn','3235 Service Road'),(444,'Ingeberg Guise','iguisecb@deliciousdays.com','8 7th Park'),(445,'Lena Hambrick','lhambrickcc@mashable.com','2676 Mallard Point'),(446,'Alley Delue','adeluecd@i2i.jp','4701 Cambridge Circle'),(447,'Rozamond Laviste','rlavistece@oracle.com','9475 Birchwood Drive'),(448,'Rodrick Lovemore','rlovemorecf@goodreads.com','490 Sycamore Crossing'),(449,'Stephani Unworth','sunworthcg@comcast.net','64187 Corry Lane'),(450,'Abigale Havile','ahavilech@hao123.com','50 Oneill Road'),(451,'Jonell Land','jlandci@ovh.net','6 Vera Avenue'),(452,'Georgia Sreenan','gsreenancj@networksolutions.com','2300 Mockingbird Parkway'),(453,'Veronica Dunsire','vdunsireck@webnode.com','99469 Texas Trail'),(454,'Robinett Loffill','rloffillcl@jugem.jp','336 Dixon Avenue'),(455,'Chevy Ryton','crytoncm@archive.org','984 Oxford Place'),(456,'Lanny Palay','lpalaycn@imageshack.us','9 Oak Road'),(457,'Ina Cleverly','icleverlyco@4shared.com','6613 Amoth Alley'),(458,'Robbert Evett','revettcp@forbes.com','182 Mcguire Circle'),(459,'Padraic Hebborn','phebborncq@networkadvertising.org','7828 Evergreen Place'),(460,'Julio Di Batista','jdicr@cnbc.com','33681 Schurz Center'),(461,'Liana Lanceter','llancetercs@oracle.com','3962 Lyons Drive'),(462,'Lynn Grumble','lgrumblect@cloudflare.com','191 Oak Alley'),(463,'Davon Brumble','dbrumblecu@usgs.gov','4 Mcguire Pass'),(464,'Oliy Bragg','obraggcv@theguardian.com','11 Dayton Crossing'),(465,'Walther Heindrick','wheindrickcw@chicagotribune.com','80 Oakridge Place'),(466,'Ashli Casaccio','acasacciocx@w3.org','232 Dunning Circle'),(467,'Franni Ruff','fruffcy@census.gov','351 Southridge Drive'),(468,'Pat Hawe','phawecz@seesaa.net','87199 Farmco Court'),(469,'Niels Gelardi','ngelardid0@wiley.com','4471 Red Cloud Road'),(470,'Fred Gascone','fgasconed1@joomla.org','18 Carberry Street'),(471,'Wake Sailor','wsailord2@cbc.ca','66018 New Castle Terrace'),(472,'Seamus Longhorn','slonghornd3@chronoengine.com','4192 Vermont Drive'),(473,'Fowler Anker','fankerd4@archive.org','0 Washington Park'),(474,'Cecile Boggis','cboggisd5@delicious.com','11198 Montana Point'),(475,'Lucais Rounds','lroundsd6@zdnet.com','97093 Loomis Street'),(476,'Lesly Bessell','lbesselld7@newyorker.com','925 Mallard Circle'),(477,'Rudd Cresar','rcresard8@flavors.me','50359 Parkside Trail'),(478,'Marcille Ybarra','mybarrad9@multiply.com','13847 Corben Trail'),(479,'Rochette Barclay','rbarclayda@utexas.edu','5 Buell Avenue'),(480,'Chucho Breckin','cbreckindb@twitpic.com','6 Fairfield Plaza'),(481,'Alexio Booton','abootondc@a8.net','611 Stephen Junction'),(482,'Luise Mullard','lmullarddd@issuu.com','13 Redwing Plaza'),(483,'Nettie Niblock','nniblockde@ning.com','5 Sloan Lane'),(484,'Isadora Northeast','inortheastdf@bigcartel.com','29911 Jenifer Crossing'),(485,'Aila Shevels','ashevelsdg@addthis.com','4 Sherman Plaza'),(486,'Dick Pepye','dpepyedh@omniture.com','3 Northridge Terrace'),(487,'Celesta Averies','caveriesdi@jiathis.com','4 Dakota Point'),(488,'Marcella Wrathmall','mwrathmalldj@t-online.de','9 Merry Place'),(489,'Sharleen Tichner','stichnerdk@nih.gov','8 Russell Junction'),(490,'Wenda Van der Mark','wvandl@desdev.cn','63105 Towne Hill'),(491,'Randell Battleson','rbattlesondm@istockphoto.com','7069 Johnson Lane'),(492,'Cornelle Trewin','ctrewindn@tripadvisor.com','10704 Fallview Circle'),(493,'Kahlil Wild','kwilddo@bing.com','18007 Shasta Place'),(494,'Salvidor Bufton','sbuftondp@squarespace.com','8 Anhalt Way'),(495,'Wilmer Cattonnet','wcattonnetdq@arizona.edu','8467 Arrowood Place'),(496,'Hasheem Bridgeland','hbridgelanddr@berkeley.edu','6 Basil Court'),(497,'Alphonso Acom','aacomds@opensource.org','782 Anhalt Court'),(498,'Anatole Chadwick','achadwickdt@cdbaby.com','5 Holy Cross Parkway'),(499,'Penrod Fearn','pfearndu@hibu.com','52 Springs Lane'),(500,'Caralie Chisnell','cchisnelldv@drupal.org','42 Sloan Center'),(501,'Augie Sharphurst','asharphurstdw@t.co','33588 Loeprich Street'),(502,'Wallas Davenhall','wdavenhalldx@mit.edu','9425 Burning Wood Plaza'),(503,'Loren Sambath','lsambathdy@myspace.com','6487 Orin Court'),(504,'Tiphany Vondrasek','tvondrasekdz@fc2.com','20 Derek Place'),(505,'Cynde Dibnah','cdibnahe0@gizmodo.com','671 Melby Alley'),(506,'Ninette Gislebert','ngisleberte1@simplemachines.org','95 Oakridge Parkway'),(507,'Babbette Dollard','bdollarde2@washington.edu','4 Merry Center'),(508,'Silvan Meneux','smeneuxe3@smugmug.com','45049 Elka Center'),(509,'Ardyce Grigoliis','agrigoliise4@wired.com','417 Lindbergh Hill'),(510,'Sebastian Colomb','scolombe5@is.gd','557 Westerfield Road'),(511,'Rriocard Witten','rwittene6@geocities.com','950 Dexter Drive'),(512,'Reggie Tolumello','rtolumelloe7@webeden.co.uk','000 Morrow Junction'),(513,'Chrystel Grenshields','cgrenshieldse8@ocn.ne.jp','851 Jana Junction'),(514,'Kareem Andersson','kanderssone9@bigcartel.com','41 Lake View Junction'),(515,'Eleen Capehorn','ecapehornea@alexa.com','0 Farragut Avenue'),(516,'Walton Philler','wphillereb@wikipedia.org','903 Manufacturers Plaza'),(517,'Allyn Benson','abensonec@uiuc.edu','13 Buena Vista Road'),(518,'Buddie Mebius','bmebiused@alibaba.com','849 Helena Avenue'),(519,'Aretha Abramin','aabraminee@abc.net.au','7485 Superior Place'),(520,'Sandor Ochterlonie','sochterlonieef@reuters.com','5514 Glendale Court'),(521,'Frasco Adame','fadameeg@si.edu','304 Hagan Street'),(522,'Ferne Rigate','frigateeh@shareasale.com','5701 7th Lane'),(523,'Trudi Barnson','tbarnsonei@archive.org','77302 Monterey Junction'),(524,'Kelby Nevet','knevetej@lycos.com','07 Marquette Center'),(525,'Iver Roof','iroofek@wix.com','05 Bellgrove Center'),(526,'Liv Elijahu','lelijahuel@qq.com','275 Memorial Lane'),(527,'Ellerey Leven','elevenem@live.com','9 Kim Lane'),(528,'Fay Pryn','fprynen@ucsd.edu','01819 Artisan Park'),(529,'Katalin Yearnsley','kyearnsleyeo@purevolume.com','1741 Scofield Way'),(530,'Reginald Maciocia','rmaciociaep@springer.com','4 John Wall Place'),(531,'Corabel Wiseman','cwisemaneq@addthis.com','628 Sullivan Plaza'),(532,'Brocky Dunstone','bdunstoneer@time.com','6770 Ohio Junction'),(533,'Danita Sigge','dsiggees@unesco.org','530 Merrick Circle'),(534,'Joline Totterdill','jtotterdillet@ucoz.com','53 Ruskin Hill'),(535,'Hartley Galton','hgaltoneu@geocities.jp','243 Pierstorff Center'),(536,'Celestia Bener','cbenerev@youtu.be','73 Ronald Regan Pass'),(537,'Emeline Gritland','egritlandew@thetimes.co.uk','00 Kensington Center'),(538,'Lucius Pennock','lpennockex@cargocollective.com','69788 Schmedeman Lane'),(539,'Dev Bricknell','dbricknelley@tripadvisor.com','0 Dorton Road'),(540,'Aristotle Chidwick','achidwickez@exblog.jp','13112 Hazelcrest Drive'),(541,'Mycah Trimmill','mtrimmillf0@ustream.tv','33507 Artisan Way'),(542,'Salvador Langston','slangstonf1@wiley.com','862 Prentice Plaza'),(543,'Myrah Lassell','mlassellf2@miitbeian.gov.cn','14 Eastlawn Crossing'),(544,'Pamelina Kemson','pkemsonf3@accuweather.com','9 Dunning Avenue'),(545,'Eberto Bearblock','ebearblockf4@tumblr.com','51260 Prentice Trail'),(546,'Elicia Nethercott','enethercottf5@hao123.com','0 Dennis Drive'),(547,'Shelby Felce','sfelcef6@opera.com','9784 Evergreen Point'),(548,'Petrina Vowdon','pvowdonf7@liveinternet.ru','6 Kennedy Plaza'),(549,'Vasilis Penddreth','vpenddrethf8@devhub.com','695 Northridge Center'),(550,'Daffie Cossem','dcossemf9@xinhuanet.com','7321 Barnett Parkway'),(551,'Donella Bonder','dbonderfa@shop-pro.jp','727 Briar Crest Hill'),(552,'Fancie Claiden','fclaidenfb@tripadvisor.com','5556 Hallows Junction'),(553,'Jaymee Matokhnin','jmatokhninfc@state.tx.us','81018 Doe Crossing Lane'),(554,'Melody Froschauer','mfroschauerfd@privacy.gov.au','24293 John Wall Circle'),(555,'Camella Cisar','ccisarfe@engadget.com','467 Bashford Place'),(556,'Dawna Kretschmer','dkretschmerff@blogger.com','392 Debs Hill'),(557,'Zacherie Hort','zhortfg@zdnet.com','45 Coleman Court'),(558,'El Maryin','emaryinfh@e-recht24.de','9 Helena Circle'),(559,'Lynnet Treuge','ltreugefi@auda.org.au','49 Dunning Terrace'),(560,'Jackelyn Reary','jrearyfj@vistaprint.com','13309 Moose Terrace'),(561,'Elissa Matousek','ematousekfk@usatoday.com','76148 Independence Junction'),(562,'Vania Veeler','vveelerfl@gnu.org','41419 Westend Drive'),(563,'Reinwald Woolveridge','rwoolveridgefm@ovh.net','39419 Brown Crossing'),(564,'Reed Bosdet','rbosdetfn@123-reg.co.uk','2407 Beilfuss Place'),(565,'Nari Jurgen','njurgenfo@exblog.jp','9307 Golf Plaza'),(566,'Cirillo Anker','cankerfp@google.com.br','0418 Arkansas Lane'),(567,'Orelie Karran','okarranfq@theglobeandmail.com','16362 Holmberg Alley'),(568,'Harold Coulbeck','hcoulbeckfr@vk.com','04411 Cottonwood Center'),(569,'Dev Patrono','dpatronofs@huffingtonpost.com','291 Hudson Alley'),(570,'Olivie Gritskov','ogritskovft@vinaora.com','7625 Rusk Pass'),(571,'Vivianne Rea','vreafu@lycos.com','87795 Porter Place'),(572,'Roseanne Galtone','rgaltonefv@illinois.edu','552 Hanson Circle'),(573,'Annie Robker','arobkerfw@woothemes.com','24352 Havey Trail'),(574,'Blaire Oleszczak','boleszczakfx@yolasite.com','9 Dixon Lane'),(575,'Redford Bain','rbainfy@eepurl.com','89 Dapin Point'),(576,'Nelli Ilden','nildenfz@yahoo.co.jp','1 Mcbride Drive'),(577,'Clim Nornable','cnornableg0@hubpages.com','2193 Magdeline Street'),(578,'Sibel Dugan','sdugang1@ocn.ne.jp','3 Debs Street'),(579,'Elysha Kenningham','ekenninghamg2@boston.com','36 Rigney Point'),(580,'Corrie Ferne','cferneg3@ifeng.com','030 Gulseth Lane'),(581,'Maegan Popelay','mpopelayg4@weebly.com','8 Rockefeller Parkway'),(582,'Kurt Vial','kvialg5@nasa.gov','4 Cherokee Trail'),(583,'Wes Coie','wcoieg6@people.com.cn','0 Morning Center'),(584,'Cleo Pickup','cpickupg7@networkadvertising.org','40388 Melvin Junction'),(585,'Jemmy Barents','jbarentsg8@springer.com','3 Hermina Circle'),(586,'Crystal Skilton','cskiltong9@github.com','2 Holmberg Crossing'),(587,'Gwyneth Slocum','gslocumga@yahoo.com','2308 Banding Trail'),(588,'Gian Gollop','ggollopgb@hexun.com','9744 Dixon Place'),(589,'Nikolai Ruff','nruffgc@typepad.com','12051 5th Plaza'),(590,'Moises Teideman','mteidemangd@nifty.com','43 Loftsgordon Center'),(591,'Lia Leverich','lleverichge@nih.gov','18851 Village Park'),(592,'Ilse Orkney','iorkneygf@gov.uk','664 Montana Place'),(593,'Jayme McPharlain','jmcpharlaingg@edublogs.org','3 Corry Plaza'),(594,'Dareen Kilcullen','dkilcullengh@webeden.co.uk','72 Harper Place'),(595,'Tildi Kiffin','tkiffingi@salon.com','7178 Pankratz Parkway'),(596,'Domingo O\'Hanley','dohanleygj@yahoo.com','41355 Ryan Pass'),(597,'Gay Bogace','gbogacegk@wordpress.org','209 Washington Road'),(598,'Dolly Raddon','draddongl@wikispaces.com','214 Lawn Avenue'),(599,'Jeanie Wayt','jwaytgm@ycombinator.com','4 Hoepker Junction'),(600,'Eleanor Shoebotham','eshoebothamgn@webmd.com','996 Harbort Avenue'),(601,'Valene Veare','vvearego@forbes.com','80 Swallow Junction'),(602,'Guglielmo Oldis','goldisgp@vimeo.com','88536 Gulseth Parkway'),(603,'Gardiner Brownsey','gbrownseygq@columbia.edu','105 Hooker Park'),(604,'Osborn Itzkowicz','oitzkowiczgr@forbes.com','7 Eggendart Point'),(605,'Emmet Beament','ebeamentgs@admin.ch','663 Hansons Drive'),(606,'Emlyn Stainson','estainsongt@nih.gov','55 Center Street'),(607,'Demetrius Hellin','dhellingu@loc.gov','212 Jenna Court'),(608,'Hy McNirlan','hmcnirlangv@quantcast.com','95136 Hintze Street'),(609,'Worden Brisard','wbrisardgw@blogtalkradio.com','38446 Sachtjen Circle'),(610,'Ellynn Cobbledick','ecobbledickgx@surveymonkey.com','254 Blackbird Trail'),(611,'Harrison Dorrington','hdorringtongy@upenn.edu','64 Aberg Lane'),(612,'Samuele Bulger','sbulgergz@bravesites.com','9252 Mcguire Pass'),(613,'Karim McLugaish','kmclugaishh0@unc.edu','13049 Carioca Drive'),(614,'Rosabel Wattins','rwattinsh1@cbc.ca','9387 High Crossing Place'),(615,'Humfrey Wanstall','hwanstallh2@deviantart.com','5 David Place'),(616,'Thedric Quinby','tquinbyh3@creativecommons.org','530 International Avenue'),(617,'Edie Chaters','echatersh4@twitter.com','4629 Southridge Alley'),(618,'Florrie Pavyer','fpavyerh5@nationalgeographic.com','14470 Nelson Center'),(619,'Pavia Birmingham','pbirminghamh6@g.co','234 Almo Center'),(620,'Kristin Riquet','kriqueth7@cmu.edu','2 David Junction'),(621,'Philipa Burchnall','pburchnallh8@washington.edu','19580 Beilfuss Place'),(622,'Rhianna Catterell','rcatterellh9@businessweek.com','06 Northland Junction'),(623,'Georges Quartly','gquartlyha@smugmug.com','6 Stephen Court'),(624,'Graeme Soan','gsoanhb@ted.com','00919 Garrison Place'),(625,'Dilly Woodrooffe','dwoodrooffehc@cbsnews.com','97184 Sherman Point'),(626,'Cristabel Aveling','cavelinghd@dailymotion.com','493 La Follette Center'),(627,'Jeffie Mousby','jmousbyhe@geocities.jp','878 Mcbride Center'),(628,'Barrie Blunkett','bblunketthf@imdb.com','236 Bay Avenue'),(629,'Asa Rustedge','arustedgehg@apache.org','4262 Sommers Lane'),(630,'Darbie Tugman','dtugmanhh@marketwatch.com','35 Hoard Court'),(631,'Kata Lillistone','klillistonehi@facebook.com','23 Tony Junction'),(632,'Sophi Stowers','sstowershj@upenn.edu','150 Redwing Pass'),(633,'Madison Stirton','mstirtonhk@state.gov','9369 Judy Avenue'),(634,'Elliot Levins','elevinshl@mit.edu','39322 Amoth Terrace'),(635,'Cesaro Bonaire','cbonairehm@cafepress.com','9148 Dayton Way'),(636,'Pegeen Fogarty','pfogartyhn@bing.com','993 Kipling Place'),(637,'Annamarie MacNelly','amacnellyho@wordpress.org','28158 Lakewood Gardens Lane'),(638,'Ethe Havock','ehavockhp@chronoengine.com','2 Waywood Alley'),(639,'Valentijn Totterdell','vtotterdellhq@apache.org','9414 Armistice Lane'),(640,'Marie-ann Mates','mmateshr@jimdo.com','28 Delaware Lane'),(641,'Micheal Barwood','mbarwoodhs@chron.com','651 Stoughton Park'),(642,'Victoir McKeever','vmckeeverht@joomla.org','790 Old Gate Place'),(643,'Mackenzie Wheatley','mwheatleyhu@opensource.org','79893 Northport Street'),(644,'Loralyn Warrier','lwarrierhv@wikia.com','69879 Parkside Court'),(645,'Steven Girogetti','sgirogettihw@hhs.gov','3223 Superior Center'),(646,'Valeria Lesmonde','vlesmondehx@ehow.com','57 Marcy Pass'),(647,'Lorelle Clemmett','lclemmetthy@cbsnews.com','437 Aberg Trail'),(648,'Gussie Skeen','gskeenhz@weebly.com','56 Tomscot Drive'),(649,'Zenia Stranahan','zstranahani0@washington.edu','6 Canary Circle'),(650,'Tony Bentick','tbenticki1@mit.edu','8 Westerfield Parkway'),(651,'Lance Galle','lgallei2@patch.com','30 Surrey Place'),(652,'Sherline Bockmann','sbockmanni3@un.org','9033 Chive Lane'),(653,'Brina Room','broomi4@icq.com','19 Bunker Hill Point'),(654,'Meaghan Rennix','mrennixi5@sina.com.cn','0 Riverside Avenue'),(655,'Marna Klemz','mklemzi6@google.es','6 Thackeray Trail'),(656,'Simone Cabera','scaberai7@zdnet.com','544 Lakeland Hill'),(657,'Gan Boerderman','gboerdermani8@webnode.com','1721 Transport Street'),(658,'Delphinia Van Haeften','dvani9@eepurl.com','4 Stephen Hill'),(659,'Fey Trenam','ftrenamia@surveymonkey.com','0297 Mockingbird Street'),(660,'Bay Boltwood','bboltwoodib@lycos.com','9 Northport Drive'),(661,'Ramona Fortnon','rfortnonic@bizjournals.com','126 Calypso Parkway'),(662,'Nikolas Pendergast','npendergastid@jimdo.com','88052 Melvin Way'),(663,'Rozalie Motto','rmottoie@pinterest.com','9935 Killdeer Hill'),(664,'Catherine Grimston','cgrimstonif@msu.edu','94769 Lukken Street'),(665,'Robin Trevains','rtrevainsig@cmu.edu','70195 International Circle'),(666,'Hiram Drummer','hdrummerih@springer.com','13 Golf Park'),(667,'Kirby Nisuis','knisuisii@gizmodo.com','366 Oxford Parkway'),(668,'Gery Sawnwy','gsawnwyij@adobe.com','4 Forster Park'),(669,'Bastian Dennidge','bdennidgeik@prweb.com','64 Reindahl Road'),(670,'Mel Sandham','msandhamil@microsoft.com','1721 Elmside Point'),(671,'Tiffi Dresse','tdresseim@whitehouse.gov','3493 Loftsgordon Avenue'),(672,'Sisely Lowell','slowellin@un.org','2 Spohn Place'),(673,'Ardelia Lockney','alockneyio@smh.com.au','46257 Prairie Rose Way'),(674,'Laurie Rushby','lrushbyip@weebly.com','6 Bay Terrace'),(675,'Mirabella McGarrahan','mmcgarrahaniq@github.com','1703 Glendale Parkway'),(676,'Malcolm Metzel','mmetzelir@tinypic.com','67 Westridge Drive'),(677,'Hesther Antonov','hantonovis@marketwatch.com','32806 Saint Paul Parkway'),(678,'Rosie Marchi','rmarchiit@reuters.com','0118 Dixon Place'),(679,'Kameko Beldum','kbeldumiu@i2i.jp','03710 Paget Trail'),(680,'Welbie Baruch','wbaruchiv@amazonaws.com','945 Kinsman Court'),(681,'Solly Carvell','scarvelliw@vimeo.com','70 Tony Alley'),(682,'Davine Storre','dstorreix@pcworld.com','621 Prairie Rose Court'),(683,'Jameson MacConneely','jmacconneelyiy@a8.net','9 Carpenter Point'),(684,'Blake Klaussen','bklausseniz@si.edu','03079 Schiller Pass'),(685,'Lotte Tellenbroker','ltellenbrokerj0@barnesandnoble.com','959 Troy Street'),(686,'Clemente Kiddy','ckiddyj1@amazon.co.uk','7 Del Mar Lane'),(687,'Yetty Brugemann','ybrugemannj2@loc.gov','11860 Portage Crossing'),(688,'Sigismundo Sunnex','ssunnexj3@live.com','619 Lawn Trail'),(689,'Ardyth Magson','amagsonj4@discovery.com','5 Cascade Plaza'),(690,'Niven Dibb','ndibbj5@toplist.cz','5 Waywood Street'),(691,'Brigg Lyosik','blyosikj6@addthis.com','4365 Schiller Lane'),(692,'Andrey Yaxley','ayaxleyj7@usgs.gov','3 Stone Corner Terrace'),(693,'Kienan Hubbins','khubbinsj8@state.tx.us','6 Clove Hill'),(694,'Noelle Sappell','nsappellj9@blogtalkradio.com','9 Marcy Terrace'),(695,'Elmer Holdall','eholdallja@ezinearticles.com','5 International Road'),(696,'Lalo Gudgeon','lgudgeonjb@accuweather.com','39409 Reindahl Avenue'),(697,'Rosabella Derrick','rderrickjc@google.ru','8 Kedzie Court'),(698,'Ade Simonyi','asimonyijd@hugedomains.com','2 Bonner Way'),(699,'Fanchon Stembridge','fstembridgeje@wikipedia.org','7950 Oak Crossing'),(700,'Dorothy Brusle','dbruslejf@hud.gov','00 Mccormick Point'),(701,'Jessie Skakunas','jskakunasjg@shop-pro.jp','23 Northwestern Hill'),(702,'Cammie Baniard','cbaniardjh@slideshare.net','195 Johnson Parkway'),(703,'Lenci Isaksson','lisakssonji@squidoo.com','84404 Gulseth Street'),(704,'Wallas Mitro','wmitrojj@bloglovin.com','71 Darwin Park'),(705,'Fitzgerald Skells','fskellsjk@miitbeian.gov.cn','41880 Pearson Junction'),(706,'Therese Dunbar','tdunbarjl@forbes.com','9372 Russell Alley'),(707,'Sidonia Flatte','sflattejm@sitemeter.com','9 Almo Parkway'),(708,'Chloe Medley','cmedleyjn@chron.com','33004 Washington Court'),(709,'Marianne Hughes','mhughesjo@economist.com','57 Maple Center'),(710,'Rikki Alden','raldenjp@army.mil','478 Melvin Lane'),(711,'Upton Bergen','ubergenjq@wunderground.com','01807 Kim Court'),(712,'Harrietta Giovannardi','hgiovannardijr@businesswire.com','30 Ilene Lane'),(713,'Elbert Volks','evolksjs@patch.com','64882 Lawn Parkway'),(714,'Clo Gibbins','cgibbinsjt@webs.com','75510 Laurel Court'),(715,'Camellia MacNeilage','cmacneilageju@cloudflare.com','67157 Wayridge Road'),(716,'Dalenna Litherborough','dlitherboroughjv@huffingtonpost.com','33943 6th Court'),(717,'Lev Hateley','lhateleyjw@surveymonkey.com','48421 High Crossing Point'),(718,'Gaby Rens','grensjx@php.net','2 Southridge Hill'),(719,'Margette Harnor','mharnorjy@domainmarket.com','5952 Thierer Alley'),(720,'Channa Strond','cstrondjz@multiply.com','51 Kipling Junction'),(721,'Ephraim Duckhouse','educkhousek0@linkedin.com','736 Shelley Parkway'),(722,'Pearl Cardenoza','pcardenozak1@aboutads.info','54203 Fairfield Parkway'),(723,'Kev Noonan','knoonank2@163.com','94 Kropf Trail'),(724,'Bride Brook','bbrookk3@jimdo.com','50450 Melody Court'),(725,'Idelle Amar','iamark4@unc.edu','4633 Mosinee Way'),(726,'Devon Jeavons','djeavonsk5@oracle.com','62 Briar Crest Hill'),(727,'Karlie Gorgler','kgorglerk6@wisc.edu','06962 Mendota Junction'),(728,'Nora Freire','nfreirek7@yellowpages.com','9 Monterey Hill'),(729,'Humberto Litel','hlitelk8@qq.com','7 Scott Trail'),(730,'Andrey Giannasi','agiannasik9@home.pl','43815 Lien Center'),(731,'Bondon Oades','boadeska@cmu.edu','516 Lerdahl Parkway'),(732,'Tore Wethers','twetherskb@sina.com.cn','631 Sugar Center'),(733,'Tedi Skinley','tskinleykc@hostgator.com','23643 Huxley Place'),(734,'Cissy Hargie','chargiekd@artisteer.com','6623 Oriole Plaza'),(735,'Gearard Turvey','gturveyke@squarespace.com','78 2nd Hill'),(736,'Christy Loosely','clooselykf@yelp.com','0240 Express Center'),(737,'Vilhelmina Kubik','vkubikkg@unesco.org','5 Arapahoe Pass'),(738,'Shay Luckhurst','sluckhurstkh@yellowpages.com','5 Dapin Parkway'),(739,'Nikki Milton','nmiltonki@goo.ne.jp','30 Sycamore Center'),(740,'Briggs Traill','btraillkj@feedburner.com','51255 Blue Bill Park Alley'),(741,'Carney McCafferky','cmccafferkykk@networksolutions.com','56519 Forest Run Plaza'),(742,'Isa Hawarden','ihawardenkl@virginia.edu','69 Carioca Circle'),(743,'Finley Gwatkins','fgwatkinskm@gravatar.com','624 Merry Lane'),(744,'Cinderella Ivashechkin','civashechkinkn@toplist.cz','37 Grim Court'),(745,'Magdaia Vinas','mvinasko@linkedin.com','08 Hagan Terrace'),(746,'Rik Balsdon','rbalsdonkp@vk.com','4153 Larry Lane'),(747,'Editha Cocklie','ecockliekq@kickstarter.com','21 Doe Crossing Drive'),(748,'Howey Somerton','hsomertonkr@yellowbook.com','71305 Fremont Road'),(749,'Lise O\'Kynsillaghe','lokynsillagheks@free.fr','6 Ridgeview Lane'),(750,'Tann Barcke','tbarckekt@deviantart.com','9325 Ryan Court'),(751,'Giorgi Pach','gpachku@unblog.fr','2126 Springview Center'),(752,'Muriel Tebbit','mtebbitkv@irs.gov','1 Burrows Pass'),(753,'Jephthah Fishley','jfishleykw@imgur.com','311 Packers Circle'),(754,'Thaddus Eric','terickx@mtv.com','83245 Golf Course Avenue'),(755,'Enos Bartrum','ebartrumky@joomla.org','43225 Elgar Plaza'),(756,'Ailene Bartleman','abartlemankz@feedburner.com','2 High Crossing Alley'),(757,'Wood Stelle','wstellel0@sbwire.com','46634 Dixon Place'),(758,'Theodora Twinbourne','ttwinbournel1@zimbio.com','6496 Everett Hill'),(759,'Mufi Fernier','mfernierl2@ow.ly','41341 Ohio Way'),(760,'Vinnie Peart','vpeartl3@epa.gov','31 Sunfield Court'),(761,'Abbie Monnery','amonneryl4@ftc.gov','4 Kipling Drive'),(762,'Clayson Ruslinge','cruslingel5@jugem.jp','732 Steensland Place'),(763,'Micki Bouch','mbouchl6@ebay.com','069 Evergreen Park'),(764,'Joyous Kubu','jkubul7@posterous.com','874 Kipling Lane'),(765,'Earvin Handover','ehandoverl8@typepad.com','0 Meadow Ridge Crossing'),(766,'Bordy Tivers','btiversl9@t-online.de','45 Center Center'),(767,'Reggy Mulmuray','rmulmurayla@tuttocitta.it','3732 Judy Hill'),(768,'Augustina Stowte','astowtelb@xrea.com','9064 Chive Circle'),(769,'Dalis Michelin','dmichelinlc@cnbc.com','24 Knutson Plaza'),(770,'Tommi Rameau','trameauld@geocities.jp','65815 Eastwood Point'),(771,'Avis Menichelli','amenichellile@shareasale.com','4 Corben Lane'),(772,'Daniel Jacobssen','djacobssenlf@fc2.com','526 Jackson Street'),(773,'Margot Braybrooke','mbraybrookelg@fotki.com','2 Johnson Road'),(774,'Park Paddy','ppaddylh@craigslist.org','14 Eliot Parkway'),(775,'Eden Beacham','ebeachamli@wordpress.org','53235 Hollow Ridge Parkway'),(776,'Kaylyn Guerreiro','kguerreirolj@paypal.com','9 Haas Court'),(777,'Everett Moffat','emoffatlk@ocn.ne.jp','64185 Sage Alley'),(778,'Marcie Creggan','mcregganll@nasa.gov','31421 Blackbird Avenue'),(779,'Irwinn Rann','irannlm@free.fr','8 Merchant Crossing'),(780,'Abby Rundle','arundleln@mediafire.com','59420 Darwin Parkway'),(781,'Lurlene Ashbey','lashbeylo@cmu.edu','8 Stoughton Terrace'),(782,'Tony Palethorpe','tpalethorpelp@yellowbook.com','053 Village Way'),(783,'Harman Ingraham','hingrahamlq@macromedia.com','96 Daystar Avenue'),(784,'Jacobo Bebis','jbebislr@geocities.jp','91449 Larry Road'),(785,'Grantley Parades','gparadesls@phpbb.com','3 Pierstorff Trail'),(786,'Wenda Tschursch','wtschurschlt@rakuten.co.jp','05 Bashford Trail'),(787,'Silvester Sillitoe','ssillitoelu@amazon.co.uk','08636 Roth Place'),(788,'Dall Le Fevre','dlelv@scientificamerican.com','579 Veith Way'),(789,'Dena Killen','dkillenlw@reddit.com','160 Pennsylvania Pass'),(790,'Merry Brede','mbredelx@example.com','1307 Jenifer Alley'),(791,'Dinny Ferandez','dferandezly@lulu.com','75 Amoth Street'),(792,'Norry Ashworth','nashworthlz@blinklist.com','181 Mifflin Point'),(793,'Kyla Shallcross','kshallcrossm0@nsw.gov.au','1 Kedzie Parkway'),(794,'Maure Sabbins','msabbinsm1@icio.us','31 Buhler Place'),(795,'Minda Seviour','mseviourm2@github.io','176 Grover Center'),(796,'Reta Davis','rdavism3@china.com.cn','2810 Washington Parkway'),(797,'Karoly McCrone','kmccronem4@shutterfly.com','551 Sachs Drive'),(798,'Dre Dedham','ddedhamm5@vinaora.com','42 Mendota Junction'),(799,'Dare Beeden','dbeedenm6@hibu.com','973 Fair Oaks Lane'),(800,'Blinnie Chritchlow','bchritchlowm7@cdc.gov','6 Granby Street'),(801,'Myrtia Heaps','mheapsm8@sun.com','84 Dryden Trail'),(802,'Creighton Credland','ccredlandm9@dagondesign.com','8443 Leroy Way'),(803,'Kellyann Fenna','kfennama@auda.org.au','89 Pine View Trail'),(804,'Brucie Skillen','bskillenmb@over-blog.com','1974 Colorado Parkway'),(805,'Philippa Matcham','pmatchammc@msn.com','71 Twin Pines Lane'),(806,'Kerwin Duchesne','kduchesnemd@bluehost.com','73113 Red Cloud Way'),(807,'Giordano Nund','gnundme@homestead.com','27526 Graedel Point'),(808,'Kimberley Sket','ksketmf@unicef.org','86773 Charing Cross Crossing'),(809,'Immanuel Cracknall','icracknallmg@spiegel.de','475 Express Junction'),(810,'Steven Clench','sclenchmh@ucoz.ru','618 Haas Terrace'),(811,'Reeba Straker','rstrakermi@vistaprint.com','06781 Russell Drive'),(812,'Earl Barlas','ebarlasmj@ehow.com','35761 Clarendon Junction'),(813,'Mae Alloway','mallowaymk@ftc.gov','715 Calypso Drive'),(814,'Rupert McOnie','rmconieml@imdb.com','80 Scott Street'),(815,'Easter Garron','egarronmm@google.de','9615 Jenna Crossing'),(816,'Lacy Lilion','llilionmn@apache.org','8485 Weeping Birch Road'),(817,'Franklin Deinhard','fdeinhardmo@yelp.com','01769 Pearson Pass'),(818,'Joanie Clougher','jcloughermp@ted.com','24 Rigney Plaza'),(819,'Valentia Brasted','vbrastedmq@about.me','4 Longview Junction'),(820,'Roma Whitlow','rwhitlowmr@soup.io','9413 Muir Parkway'),(821,'Rey Chastan','rchastanms@twitpic.com','1568 Summerview Park'),(822,'Gerhardt Doughton','gdoughtonmt@tmall.com','71165 Buena Vista Park'),(823,'Jacklyn Dumingo','jdumingomu@guardian.co.uk','0187 West Alley'),(824,'Dionisio Zuann','dzuannmv@edublogs.org','0 Calypso Circle'),(825,'Vick Bloomfield','vbloomfieldmw@dedecms.com','8346 Stuart Street'),(826,'Georgie McPaike','gmcpaikemx@adobe.com','89213 Blue Bill Park Terrace'),(827,'Perry Christauffour','pchristauffourmy@wikia.com','61 Susan Terrace'),(828,'Daffie Ladloe','dladloemz@umn.edu','59536 Montana Place'),(829,'Hieronymus Lardez','hlardezn0@hhs.gov','84 Graedel Pass'),(830,'Ancell Sunners','asunnersn1@squarespace.com','78 Petterle Pass'),(831,'Shayla Abbate','sabbaten2@symantec.com','273 Bluejay Crossing'),(832,'Patricio Tort','ptortn3@goo.ne.jp','1 Brown Place'),(833,'Kyle Skeete','kskeeten4@mashable.com','9 Lighthouse Bay Way'),(834,'Jeanna MacBrearty','jmacbreartyn5@about.com','953 Logan Crossing'),(835,'Sunny Cocozza','scocozzan6@guardian.co.uk','268 Emmet Street'),(836,'Lexi Sturch','lsturchn7@posterous.com','58823 Eliot Hill'),(837,'Alphonso McNaught','amcnaughtn8@opensource.org','7 Texas Alley'),(838,'Royall Kellick','rkellickn9@rambler.ru','28012 Randy Court'),(839,'Imogene Owthwaite','iowthwaitena@diigo.com','2 Sunfield Drive'),(840,'Ring Verden','rverdennb@stumbleupon.com','374 Commercial Trail'),(841,'Arni Maddern','amaddernnc@lulu.com','7047 Artisan Point'),(842,'Gianni Shewery','gshewerynd@elegantthemes.com','65 Spaight Alley'),(843,'Uta Offener','uoffenerne@indiegogo.com','5368 Valley Edge Hill'),(844,'Davide Roycroft','droycroftnf@yelp.com','24089 4th Alley'),(845,'Duffie Vlasov','dvlasovng@soup.io','38 Hudson Lane'),(846,'Wilbur Gilkes','wgilkesnh@utexas.edu','632 Bartillon Way'),(847,'Barnett Clever','bcleverni@nba.com','3 Roth Street'),(848,'Salomon Payler','spaylernj@rambler.ru','803 Monterey Junction'),(849,'Eward Yanne','eyannenk@ustream.tv','487 Fairfield Crossing'),(850,'Ariadne Lusgdin','alusgdinnl@examiner.com','79 Barnett Alley'),(851,'Mark Falconer','mfalconernm@hatena.ne.jp','4226 Mifflin Parkway'),(852,'Maddalena Winmill','mwinmillnn@narod.ru','7602 Shopko Crossing'),(853,'Blair O\' Liddy','bono@nature.com','725 Fisk Avenue'),(854,'Cathrine Mellem','cmellemnp@webnode.com','28 Graedel Lane'),(855,'Alfreda Mac Giany','amacnq@github.io','8 Cody Parkway'),(856,'Charlean Schoenfisch','cschoenfischnr@loc.gov','294 Main Circle'),(857,'Bertha Kearey','bkeareyns@ftc.gov','6623 Texas Lane'),(858,'Marcille Duffit','mduffitnt@google.fr','3699 Jenna Way'),(859,'Liam Quincee','lquinceenu@cmu.edu','35 Arrowood Terrace'),(860,'Paulo Levitt','plevittnv@yelp.com','61385 Coleman Pass'),(861,'Ruby Orsman','rorsmannw@51.la','5 Maywood Junction'),(862,'Selig Gonnelly','sgonnellynx@businesswire.com','07214 4th Crossing'),(863,'Connor Chimes','cchimesny@prnewswire.com','770 Fuller Hill'),(864,'Julissa Lorenc','jlorencnz@ucoz.com','129 Gina Trail'),(865,'Torin Vernay','tvernayo0@odnoklassniki.ru','7483 Hansons Plaza'),(866,'Beulah Kibblewhite','bkibblewhiteo1@adobe.com','55 Bartelt Street'),(867,'Demetrius Lyddy','dlyddyo2@php.net','9262 Blaine Park'),(868,'Maxy Jakov','mjakovo3@moonfruit.com','3425 Northridge Crossing'),(869,'Jada Woodard','jwoodardo4@reverbnation.com','30 Crowley Crossing'),(870,'Nancey Swaine','nswaineo5@ning.com','29655 Warrior Park'),(871,'Rebecka Toor','rtooro6@state.tx.us','0056 Lien Circle'),(872,'Mariele Pike','mpikeo7@merriam-webster.com','11449 Comanche Point'),(873,'Seth Richmond','srichmondo8@friendfeed.com','0454 Lake View Crossing'),(874,'Joy Van Leeuwen','jvano9@nytimes.com','58786 Gina Park'),(875,'Patsy Ogger','poggeroa@vk.com','3354 Clarendon Plaza'),(876,'Dulcy Haibel','dhaibelob@cdc.gov','034 7th Lane'),(877,'Fiona Saltwell','fsaltwelloc@google.nl','15612 Warrior Court'),(878,'Karly Brann','kbrannod@mail.ru','25577 Columbus Junction'),(879,'Marlena Bogaert','mbogaertoe@patch.com','354 Bashford Trail'),(880,'Rivi Lightbourn','rlightbournof@topsy.com','362 Ridgeview Place'),(881,'Alayne Fahrenbacher','afahrenbacherog@bloomberg.com','4 Del Sol Drive'),(882,'Bail Querrard','bquerrardoh@digg.com','54918 3rd Alley'),(883,'Giana Gadesby','ggadesbyoi@furl.net','5434 Lindbergh Terrace'),(884,'Bard Ibel','bibeloj@epa.gov','086 Red Cloud Crossing'),(885,'Scot Goodinge','sgoodingeok@de.vu','01689 2nd Center'),(886,'Druci Gerdes','dgerdesol@miitbeian.gov.cn','425 Ronald Regan Place'),(887,'Donia Manlow','dmanlowom@biglobe.ne.jp','99 School Way'),(888,'Lorry Brozsset','lbrozsseton@independent.co.uk','9 Milwaukee Parkway'),(889,'Reider Howel','rhoweloo@flickr.com','04432 Carpenter Hill'),(890,'Ambur Dmitrievski','admitrievskiop@about.com','19188 4th Parkway'),(891,'Marina Bellew','mbellewoq@vinaora.com','9 American Ash Street'),(892,'Kiri Sarfass','ksarfassor@paypal.com','24566 Shopko Court'),(893,'Winnie Woolger','wwoolgeros@comcast.net','3484 Buell Road'),(894,'Illa Como','icomoot@samsung.com','51898 Graedel Alley'),(895,'Pammie Peirpoint','ppeirpointou@java.com','191 Caliangt Junction'),(896,'Marijo Borthe','mbortheov@msn.com','7 Del Sol Park'),(897,'Kaycee Hakeworth','khakeworthow@jalbum.net','1302 Stang Center'),(898,'Jamil Terese','jtereseox@bbb.org','876 Kim Road'),(899,'Kalli Greschke','kgreschkeoy@wordpress.com','4 Sugar Avenue'),(900,'Annabell Coldbreath','acoldbreathoz@google.com.hk','98951 Chinook Avenue'),(901,'Irvin Lindenboim','ilindenboimp0@wikipedia.org','1 Eastlawn Terrace'),(902,'Daria Dulanty','ddulantyp1@squidoo.com','570 Lukken Point'),(903,'Dunstan Ludwikiewicz','dludwikiewiczp2@noaa.gov','3 Dottie Center'),(904,'Wilie Trimmill','wtrimmillp3@nature.com','894 Orin Pass'),(905,'Ida Grishukov','igrishukovp4@cbc.ca','28706 Gina Court'),(906,'Zabrina Radenhurst','zradenhurstp5@mashable.com','2884 Warner Drive'),(907,'Germana Verbeek','gverbeekp6@acquirethisname.com','8 Schurz Lane'),(908,'Nobe Loder','nloderp7@ovh.net','930 Delladonna Circle'),(909,'Shepard Cecchetelli','scecchetellip8@wiley.com','85 Morning Center'),(910,'Lodovico Guirard','lguirardp9@istockphoto.com','835 Lindbergh Junction'),(911,'Brit Labon','blabonpa@youtu.be','71 Melrose Circle'),(912,'Horacio Dodworth','hdodworthpb@icq.com','4 Havey Park'),(913,'Dannye O\'Dunneen','dodunneenpc@time.com','0031 Del Mar Circle'),(914,'Taite Chastan','tchastanpd@wired.com','6219 Charing Cross Avenue'),(915,'Mechelle Harnett','mharnettpe@purevolume.com','160 Rutledge Center'),(916,'Jacqui Bigadike','jbigadikepf@usa.gov','88391 Corscot Plaza'),(917,'Courtnay Goaks','cgoakspg@lulu.com','6 Sachtjen Avenue'),(918,'Tristan Theuff','ttheuffph@webnode.com','58347 Sugar Parkway'),(919,'Sam Forton','sfortonpi@oakley.com','1 Pawling Plaza'),(920,'Eilis Grenshiels','egrenshielspj@msn.com','4005 Pankratz Avenue'),(921,'Griffin Oldacre','goldacrepk@friendfeed.com','5948 Anzinger Park'),(922,'Rois Hayter','rhayterpl@yahoo.com','276 Acker Way'),(923,'Noelle McKinnon','nmckinnonpm@gravatar.com','9 Onsgard Avenue'),(924,'Linus Gabler','lgablerpn@smugmug.com','1461 Fairview Circle'),(925,'Tully Byatt','tbyattpo@livejournal.com','9749 Sunnyside Road'),(926,'Andi Darter','adarterpp@mayoclinic.com','803 Rigney Place'),(927,'Agustin Peyto','apeytopq@people.com.cn','70496 Lindbergh Hill'),(928,'Mada Cullingworth','mcullingworthpr@yale.edu','81905 Bayside Junction'),(929,'Sonnnie Lawlor','slawlorps@hugedomains.com','36081 Melby Way'),(930,'Yves Coomber','ycoomberpt@nyu.edu','15 Pleasure Road'),(931,'Luciana Bromidge','lbromidgepu@pagesperso-orange.fr','1 Packers Hill'),(932,'Dianne Birney','dbirneypv@free.fr','93463 Sachs Trail'),(933,'Maynord Bodham','mbodhampw@reference.com','56 Briar Crest Pass'),(934,'Dyana Coulman','dcoulmanpx@google.com.hk','268 Fairview Street'),(935,'Ody Johanning','ojohanningpy@nhs.uk','1023 Ryan Street'),(936,'Dario Cruft','dcruftpz@nba.com','3863 Sutteridge Center'),(937,'Barnie Darnbrook','bdarnbrookq0@dion.ne.jp','14952 Clarendon Court'),(938,'Ali Heap','aheapq1@reference.com','52 Almo Place'),(939,'Carmella Scogings','cscogingsq2@cdbaby.com','25457 School Court'),(940,'Kendell Rumin','kruminq3@symantec.com','69792 Russell Parkway'),(941,'Morly Wallington','mwallingtonq4@smh.com.au','2 Sunfield Court'),(942,'Kathlin Skey','kskeyq5@biblegateway.com','1 Fieldstone Street'),(943,'Lulita Blazewski','lblazewskiq6@usnews.com','0 Golf Road'),(944,'Pierette Wilden','pwildenq7@sohu.com','578 Susan Road'),(945,'Adriana Blaylock','ablaylockq8@lycos.com','29 Forest Run Park'),(946,'Christel McKeand','cmckeandq9@bing.com','798 Almo Point'),(947,'Britte Agutter','bagutterqa@prweb.com','591 Dexter Street'),(948,'Benson Rubberts','brubbertsqb@fema.gov','7 Burrows Lane'),(949,'Marjie Semaine','msemaineqc@whitehouse.gov','43661 Bartillon Lane'),(950,'Chrystal Roycraft','croycraftqd@rambler.ru','9325 Sauthoff Trail'),(951,'Elita Grichukhin','egrichukhinqe@geocities.com','27494 Kingsford Park'),(952,'Celestyna Portress','cportressqf@about.me','01487 Sachs Avenue'),(953,'Floyd Hatzar','fhatzarqg@admin.ch','910 Prairie Rose Terrace'),(954,'Shirl Kaesmans','skaesmansqh@51.la','5564 Johnson Crossing'),(955,'Chrysa Bradock','cbradockqi@va.gov','0994 Hollow Ridge Avenue'),(956,'Carey Sherbrooke','csherbrookeqj@feedburner.com','0777 Ridge Oak Terrace'),(957,'Eugen Andree','eandreeqk@weather.com','999 Grasskamp Terrace'),(958,'Cyndy Arnaudi','carnaudiql@e-recht24.de','6722 Merry Lane'),(959,'Tasia Stainsby','tstainsbyqm@meetup.com','8 Crowley Place'),(960,'Fairlie Bruffell','fbruffellqn@google.com.hk','58275 Longview Court'),(961,'Normy Christophersen','nchristophersenqo@deliciousdays.com','7 Dawn Drive'),(962,'Fern Ciubutaro','fciubutaroqp@linkedin.com','26 2nd Avenue'),(963,'Adelle Sonier','asonierqq@e-recht24.de','1 Atwood Way'),(964,'Cathy Baudinot','cbaudinotqr@sfgate.com','49 Golf Course Hill'),(965,'Hildegaard Esland','heslandqs@mail.ru','394 Montana Drive'),(966,'Parke Aumerle','paumerleqt@va.gov','73934 Holy Cross Lane'),(967,'Falito Caffrey','fcaffreyqu@slashdot.org','743 Starling Avenue'),(968,'Barbee Dougliss','bdouglissqv@topsy.com','459 Glacier Hill Junction'),(969,'Hanna Disbrow','hdisbrowqw@bluehost.com','06242 Mifflin Way'),(970,'Orella Hayselden','ohayseldenqx@deliciousdays.com','3190 John Wall Point'),(971,'Maddalena Quipp','mquippqy@wikia.com','4 Eggendart Junction'),(972,'Alistair Somner','asomnerqz@unesco.org','43 Elka Avenue'),(973,'Sheelah Wheildon','swheildonr0@unesco.org','8542 Bunting Center'),(974,'Ainslee Sibille','asibiller1@patch.com','571 Sheridan Junction'),(975,'Ximenez Meekins','xmeekinsr2@phoca.cz','34 Carey Center'),(976,'Allissa Ripsher','aripsherr3@go.com','74 West Road'),(977,'Cacilie Covington','ccovingtonr4@indiatimes.com','87 Bayside Hill'),(978,'Winfred Panting','wpantingr5@smh.com.au','516 Luster Alley'),(979,'Lil Tufts','ltuftsr6@mashable.com','5861 Lerdahl Avenue'),(980,'Maia Trusler','mtruslerr7@wufoo.com','832 Oxford Hill'),(981,'Paolina Ardron','pardronr8@hatena.ne.jp','74 Duke Crossing'),(982,'Anabella Ericssen','aericssenr9@wordpress.org','344 Hayes Point'),(983,'Franky Comley','fcomleyra@slideshare.net','2 Marcy Place'),(984,'Kienan Jereatt','kjereattrb@ezinearticles.com','11185 Eagle Crest Terrace'),(985,'Faulkner Gartsyde','fgartsyderc@typepad.com','58506 Norway Maple Avenue'),(986,'Arabele Penk','apenkrd@chron.com','4079 Hollow Ridge Street'),(987,'Layton Kubicka','lkubickare@istockphoto.com','606 Nancy Circle'),(988,'Wanda Burghall','wburghallrf@edublogs.org','57613 Corscot Trail'),(989,'Alvina Novic','anovicrg@gov.uk','77 Sunnyside Center'),(990,'Barnett Raraty','braratyrh@uiuc.edu','1 Reinke Plaza'),(991,'Delmore Duckitt','dduckittri@google.cn','24 Buhler Lane'),(992,'Rickard Buddles','rbuddlesrj@spotify.com','24 Declaration Road'),(993,'Humfried Pixton','hpixtonrk@51.la','4759 Jana Crossing'),(994,'Baudoin Pattini','bpattinirl@ebay.co.uk','789 Forest Run Trail'),(995,'Chlo Fansy','cfansyrm@reference.com','14 Service Street'),(996,'Connie Orys','corysrn@eepurl.com','1677 Tony Park'),(997,'Warde Peltzer','wpeltzerro@privacy.gov.au','5 Gina Way'),(998,'Catharina Bellson','cbellsonrp@twitpic.com','23 Merrick Road'),(999,'Vonni Longrigg','vlongriggrq@princeton.edu','03 West Crossing'),(1000,'Coralie Dyke','cdykerr@xrea.com','59 American Circle');
/*!40000 ALTER TABLE `customer` ENABLE KEYS */;
UNLOCK TABLES;

--
-- Temporary view structure for view `mostfrequenttransactions`
--

DROP TABLE IF EXISTS `mostfrequenttransactions`;
/*!50001 DROP VIEW IF EXISTS `mostfrequenttransactions`*/;
SET @saved_cs_client     = @@character_set_client;
/*!50503 SET character_set_client = utf8mb4 */;
/*!50001 CREATE VIEW `mostfrequenttransactions` AS SELECT 
 1 AS `ProductID`,
 1 AS `TotalSold`*/;
SET character_set_client = @saved_cs_client;

--
-- Table structure for table `order`
--

DROP TABLE IF EXISTS `order`;
/*!40101 SET @saved_cs_client     = @@character_set_client */;
/*!50503 SET character_set_client = utf8mb4 */;
CREATE TABLE `order` (
  `OrderID` int NOT NULL AUTO_INCREMENT,
  `CustomerID` int NOT NULL,
  `OrderDate` date NOT NULL,
  `TotalAmount` decimal(10,2) DEFAULT NULL,
  PRIMARY KEY (`OrderID`),
  KEY `CustomerID` (`CustomerID`),
  CONSTRAINT `order_ibfk_1` FOREIGN KEY (`CustomerID`) REFERENCES `customer` (`CustomerID`)
) ENGINE=InnoDB AUTO_INCREMENT=1001 DEFAULT CHARSET=utf8mb4 COLLATE=utf8mb4_0900_ai_ci;
/*!40101 SET character_set_client = @saved_cs_client */;

--
-- Dumping data for table `order`
--

LOCK TABLES `order` WRITE;
/*!40000 ALTER TABLE `order` DISABLE KEYS */;
INSERT INTO `order` VALUES (1,367,'2024-09-11',497.13),(2,183,'2024-11-24',305.76),(3,446,'2024-12-26',385.85),(4,619,'2024-11-08',47.60),(5,535,'2024-04-10',53.60),(6,192,'2024-12-06',140.25),(7,977,'2024-05-31',58.36),(8,869,'2024-12-11',260.35),(9,421,'2024-03-20',378.54),(10,803,'2024-03-28',60.79),(11,58,'2024-08-09',419.66),(12,397,'2024-04-23',311.52),(13,147,'2024-11-27',410.88),(14,931,'2024-03-07',371.72),(15,626,'2024-10-21',291.78),(16,931,'2024-11-11',320.36),(17,422,'2024-05-19',369.17),(18,956,'2024-03-25',102.24),(19,65,'2024-04-19',311.15),(20,991,'2024-01-05',473.35),(21,246,'2024-02-27',242.35),(22,23,'2024-06-26',275.57),(23,165,'2024-02-25',356.46),(24,401,'2024-03-22',316.74),(25,17,'2024-05-04',446.37),(26,294,'2024-04-28',463.15),(27,342,'2024-01-26',237.90),(28,42,'2024-03-15',257.79),(29,646,'2024-05-24',441.17),(30,465,'2024-03-02',478.80),(31,365,'2024-02-19',81.42),(32,506,'2024-03-08',366.45),(33,448,'2024-05-17',291.33),(34,388,'2024-03-26',334.07),(35,134,'2024-07-01',169.30),(36,440,'2024-04-27',357.41),(37,250,'2024-06-23',45.99),(38,194,'2024-07-15',240.02),(39,238,'2024-01-11',385.76),(40,70,'2024-09-19',255.82),(41,20,'2024-04-13',474.09),(42,341,'2024-10-10',298.48),(43,241,'2024-03-05',462.79),(44,79,'2024-04-21',79.90),(45,807,'2024-10-14',27.78),(46,938,'2024-05-08',439.25),(47,737,'2024-06-16',253.11),(48,785,'2024-06-02',199.53),(49,520,'2024-03-06',412.15),(50,872,'2024-06-10',331.70),(51,554,'2024-07-15',276.96),(52,498,'2024-09-15',190.37),(53,322,'2024-05-21',116.09),(54,975,'2024-05-27',107.41),(55,348,'2024-11-09',355.18),(56,141,'2024-04-09',246.88),(57,573,'2024-11-11',405.71),(58,386,'2024-05-05',205.15),(59,974,'2024-03-31',53.23),(60,269,'2024-07-21',322.06),(61,958,'2024-06-23',88.46),(62,157,'2024-04-11',498.56),(63,8,'2024-06-27',398.53),(64,319,'2024-01-31',330.68),(65,220,'2024-05-17',300.55),(66,869,'2024-12-13',310.11),(67,53,'2024-07-08',314.27),(68,566,'2024-04-02',383.43),(69,457,'2024-06-17',129.28),(70,205,'2024-04-03',323.80),(71,857,'2024-06-12',292.68),(72,238,'2024-09-05',344.31),(73,389,'2024-01-19',62.07),(74,832,'2024-10-07',446.35),(75,562,'2024-07-08',183.32),(76,839,'2024-10-07',466.96),(77,374,'2024-03-26',248.60),(78,623,'2024-02-20',98.82),(79,19,'2024-08-30',239.27),(80,58,'2024-12-09',441.90),(81,746,'2024-04-23',222.74),(82,716,'2024-01-16',30.33),(83,500,'2024-11-01',434.50),(84,952,'2024-11-18',469.43),(85,718,'2024-12-30',388.07),(86,185,'2024-09-24',374.39),(87,519,'2024-05-21',404.78),(88,800,'2024-12-06',176.32),(89,110,'2024-08-11',221.71),(90,543,'2024-06-25',327.43),(91,680,'2024-09-13',487.34),(92,357,'2024-05-11',50.20),(93,748,'2024-01-29',422.92),(94,934,'2024-11-01',256.43),(95,54,'2024-11-22',425.56),(96,18,'2024-12-06',368.15),(97,474,'2024-06-20',333.98),(98,647,'2024-06-20',439.55),(99,372,'2024-08-17',253.79),(100,737,'2024-02-02',48.14),(101,492,'2024-08-28',360.93),(102,598,'2024-10-28',314.51),(103,294,'2024-08-06',244.17),(104,231,'2024-12-12',334.89),(105,629,'2024-06-15',202.31),(106,110,'2024-02-18',488.85),(107,990,'2024-07-23',330.48),(108,315,'2024-01-14',117.37),(109,919,'2024-08-23',311.58),(110,488,'2024-07-28',424.89),(111,490,'2024-09-10',234.90),(112,108,'2024-05-05',257.22),(113,188,'2024-05-19',138.75),(114,783,'2024-08-15',98.89),(115,136,'2024-08-25',23.39),(116,337,'2024-01-27',124.38),(117,72,'2024-01-30',73.54),(118,762,'2024-12-06',424.87),(119,731,'2024-07-01',431.39),(120,505,'2024-08-18',180.95),(121,457,'2024-11-12',463.46),(122,517,'2024-11-30',66.44),(123,273,'2024-05-19',493.31),(124,291,'2024-06-25',14.35),(125,988,'2024-12-17',351.26),(126,25,'2024-10-28',268.97),(127,98,'2024-01-09',190.31),(128,212,'2024-06-26',484.65),(129,482,'2024-09-01',418.26),(130,130,'2024-02-12',171.12),(131,640,'2024-02-10',482.81),(132,509,'2024-02-25',498.82),(133,633,'2024-10-23',448.32),(134,597,'2024-11-05',308.16),(135,833,'2024-10-27',235.27),(136,503,'2024-03-23',221.66),(137,363,'2024-08-01',166.34),(138,901,'2024-05-16',339.87),(139,57,'2024-02-02',173.24),(140,668,'2024-12-03',165.59),(141,604,'2024-04-23',27.25),(142,915,'2024-01-12',258.10),(143,343,'2024-12-16',310.59),(144,318,'2024-04-26',178.88),(145,252,'2024-04-24',356.60),(146,435,'2024-05-22',215.44),(147,189,'2024-07-18',423.50),(148,493,'2024-03-10',397.92),(149,335,'2024-10-10',497.93),(150,715,'2024-01-26',51.54),(151,441,'2024-03-24',431.91),(152,53,'2024-09-28',95.49),(153,84,'2024-07-11',274.42),(154,712,'2024-07-14',427.47),(155,583,'2024-01-21',11.78),(156,514,'2024-06-06',410.69),(157,796,'2024-09-02',484.91),(158,512,'2024-09-12',486.87),(159,50,'2024-08-11',78.52),(160,358,'2024-04-19',175.81),(161,894,'2024-04-25',193.66),(162,369,'2024-05-24',373.33),(163,639,'2024-04-13',147.28),(164,667,'2024-08-26',319.56),(165,591,'2024-11-17',335.69),(166,790,'2024-06-29',230.70),(167,525,'2024-07-20',293.68),(168,317,'2024-10-01',291.67),(169,354,'2024-05-10',110.51),(170,100,'2024-01-25',135.23),(171,233,'2024-05-23',369.40),(172,715,'2024-11-17',21.55),(173,618,'2024-07-24',309.34),(174,930,'2024-06-23',437.58),(175,190,'2024-04-04',357.42),(176,4,'2024-05-09',123.98),(177,565,'2024-05-22',291.05),(178,622,'2024-11-16',424.29),(179,429,'2024-12-11',51.64),(180,493,'2024-08-17',89.99),(181,195,'2024-11-01',299.65),(182,299,'2024-07-20',316.08),(183,286,'2024-01-14',415.35),(184,762,'2024-05-17',158.95),(185,758,'2024-08-06',327.04),(186,392,'2024-02-13',198.40),(187,339,'2024-11-12',372.55),(188,777,'2024-12-12',461.31),(189,882,'2024-09-29',27.94),(190,359,'2024-11-13',366.51),(191,73,'2024-01-02',171.16),(192,739,'2024-12-14',450.73),(193,652,'2024-10-29',271.72),(194,540,'2024-12-07',223.18),(195,302,'2024-06-26',70.28),(196,132,'2024-03-30',136.92),(197,141,'2024-06-15',36.44),(198,777,'2024-09-28',250.65),(199,925,'2024-11-14',85.76),(200,162,'2024-06-13',288.08),(201,323,'2024-05-20',299.71),(202,332,'2024-09-12',466.41),(203,843,'2024-10-06',449.21),(204,535,'2024-12-28',153.98),(205,736,'2024-12-24',264.15),(206,289,'2024-11-02',461.61),(207,516,'2024-01-05',13.46),(208,857,'2024-01-16',341.01),(209,254,'2024-10-17',313.12),(210,684,'2024-09-27',316.72),(211,112,'2024-05-03',497.91),(212,265,'2024-04-12',323.78),(213,906,'2024-07-20',418.29),(214,967,'2024-12-21',475.55),(215,336,'2024-01-15',470.44),(216,581,'2024-07-07',184.96),(217,373,'2024-03-22',36.13),(218,854,'2024-06-02',133.65),(219,572,'2024-02-23',168.00),(220,662,'2024-07-03',177.68),(221,425,'2024-05-05',239.55),(222,822,'2024-10-02',30.50),(223,418,'2024-04-03',418.69),(224,314,'2024-08-04',62.93),(225,709,'2024-06-10',424.24),(226,144,'2024-04-12',48.91),(227,687,'2024-06-30',119.78),(228,898,'2024-06-15',378.79),(229,202,'2024-01-03',34.15),(230,641,'2024-03-28',66.47),(231,60,'2024-05-21',16.19),(232,34,'2024-01-22',486.46),(233,565,'2024-02-03',450.58),(234,992,'2024-11-08',97.55),(235,949,'2024-11-14',413.64),(236,387,'2024-08-03',485.11),(237,271,'2024-02-29',383.59),(238,868,'2024-11-13',348.43),(239,49,'2024-11-04',306.78),(240,392,'2024-02-15',78.15),(241,147,'2024-05-13',134.60),(242,580,'2024-10-24',190.26),(243,225,'2024-10-09',113.10),(244,303,'2024-02-21',420.52),(245,8,'2024-11-09',327.10),(246,541,'2024-04-22',425.28),(247,624,'2024-05-01',227.42),(248,635,'2024-02-22',347.94),(249,312,'2024-03-12',444.12),(250,311,'2024-02-07',50.39),(251,745,'2024-03-14',248.83),(252,72,'2024-07-19',431.06),(253,281,'2024-04-09',442.34),(254,32,'2024-02-15',269.31),(255,660,'2024-09-20',169.19),(256,890,'2024-02-26',58.13),(257,574,'2024-05-16',142.71),(258,17,'2024-04-11',388.50),(259,269,'2024-09-18',144.10),(260,209,'2024-12-22',193.53),(261,238,'2024-08-15',63.88),(262,332,'2024-07-04',12.27),(263,586,'2024-03-10',381.07),(264,999,'2024-03-20',94.94),(265,690,'2024-02-15',295.96),(266,717,'2024-06-30',364.10),(267,972,'2024-08-04',60.18),(268,186,'2024-05-27',101.50),(269,106,'2024-10-15',276.41),(270,128,'2024-06-13',244.84),(271,176,'2024-11-27',294.40),(272,847,'2024-04-12',143.37),(273,142,'2024-08-06',82.02),(274,407,'2024-11-14',273.95),(275,296,'2024-06-19',252.23),(276,11,'2024-03-08',370.53),(277,667,'2024-12-15',151.24),(278,16,'2024-05-27',407.75),(279,144,'2024-05-25',347.12),(280,183,'2024-07-15',18.99),(281,400,'2024-02-06',381.26),(282,552,'2024-01-25',156.51),(283,414,'2024-11-04',73.93),(284,857,'2024-04-14',400.09),(285,434,'2024-05-12',469.52),(286,416,'2024-01-29',391.42),(287,261,'2024-12-27',123.97),(288,322,'2024-08-04',74.87),(289,495,'2024-12-16',334.82),(290,781,'2024-02-19',183.03),(291,968,'2024-05-22',221.01),(292,609,'2024-03-06',346.96),(293,510,'2024-06-03',497.65),(294,623,'2024-11-27',91.46),(295,657,'2024-06-27',111.02),(296,294,'2024-03-30',184.03),(297,589,'2024-09-14',12.22),(298,452,'2024-04-15',39.26),(299,76,'2024-05-30',209.22),(300,443,'2024-03-25',201.55),(301,378,'2024-01-10',348.24),(302,346,'2024-11-28',84.91),(303,795,'2024-03-27',74.26),(304,20,'2024-09-03',399.67),(305,82,'2024-05-05',355.47),(306,781,'2024-06-21',133.51),(307,557,'2024-01-30',187.99),(308,158,'2024-05-11',496.09),(309,956,'2024-12-18',142.62),(310,605,'2024-10-25',202.10),(311,329,'2024-06-29',18.63),(312,856,'2024-03-17',316.85),(313,557,'2024-12-29',100.48),(314,785,'2024-09-15',289.16),(315,565,'2024-09-26',228.03),(316,173,'2024-12-27',350.49),(317,452,'2024-11-08',314.93),(318,223,'2024-01-12',350.67),(319,359,'2024-05-23',294.98),(320,190,'2024-08-13',91.53),(321,895,'2024-04-28',192.30),(322,164,'2024-12-15',15.01),(323,47,'2024-12-04',227.57),(324,706,'2024-07-15',411.39),(325,931,'2024-03-07',494.92),(326,477,'2024-05-10',256.89),(327,141,'2024-07-25',390.98),(328,174,'2024-05-15',396.78),(329,225,'2024-09-09',432.57),(330,798,'2024-12-03',400.87),(331,923,'2024-02-24',186.96),(332,947,'2024-11-16',122.13),(333,399,'2024-09-27',265.80),(334,277,'2024-07-30',281.82),(335,309,'2024-05-06',445.48),(336,774,'2024-09-13',265.92),(337,401,'2024-01-01',62.06),(338,598,'2024-08-18',204.61),(339,876,'2024-01-17',330.38),(340,890,'2024-05-26',192.05),(341,140,'2024-10-02',143.05),(342,667,'2024-12-10',162.25),(343,282,'2024-06-06',205.51),(344,174,'2024-05-01',126.25),(345,653,'2024-11-25',349.23),(346,645,'2024-11-16',239.59),(347,132,'2024-09-07',169.06),(348,827,'2024-07-28',220.04),(349,14,'2024-03-07',91.01),(350,519,'2024-03-06',462.82),(351,182,'2024-01-06',437.58),(352,626,'2024-12-10',65.01),(353,336,'2024-10-15',454.53),(354,528,'2024-01-10',288.00),(355,952,'2024-05-19',208.37),(356,663,'2024-03-26',329.51),(357,157,'2024-01-10',169.53),(358,151,'2024-05-16',212.39),(359,987,'2024-11-10',226.30),(360,501,'2024-09-18',481.69),(361,58,'2024-10-20',377.85),(362,76,'2024-10-02',37.04),(363,318,'2024-05-31',240.47),(364,868,'2024-01-03',108.77),(365,238,'2024-10-21',186.58),(366,649,'2024-05-19',499.67),(367,139,'2024-06-10',362.37),(368,3,'2024-10-24',144.62),(369,621,'2024-02-13',259.45),(370,642,'2024-06-25',50.55),(371,472,'2024-11-08',498.30),(372,403,'2024-02-06',182.08),(373,639,'2024-07-27',446.18),(374,33,'2024-07-14',176.02),(375,768,'2024-01-29',398.81),(376,660,'2024-10-16',81.30),(377,609,'2024-11-13',108.69),(378,113,'2024-08-23',15.93),(379,132,'2024-06-04',426.83),(380,56,'2024-10-28',314.33),(381,849,'2024-03-31',169.62),(382,71,'2024-03-31',247.29),(383,540,'2024-03-06',471.40),(384,220,'2024-02-08',13.60),(385,855,'2024-02-27',210.28),(386,846,'2024-12-16',219.85),(387,525,'2024-10-13',220.70),(388,603,'2024-10-22',47.69),(389,528,'2024-03-10',181.91),(390,873,'2024-11-08',487.11),(391,465,'2024-06-29',330.10),(392,244,'2024-08-10',51.08),(393,915,'2024-02-15',24.69),(394,329,'2024-11-27',127.37),(395,900,'2024-01-09',106.99),(396,367,'2024-08-11',332.10),(397,775,'2024-07-28',442.44),(398,143,'2024-02-02',126.26),(399,294,'2024-01-20',138.08),(400,877,'2024-08-26',145.37),(401,715,'2024-06-07',24.01),(402,869,'2024-02-01',285.53),(403,510,'2024-04-02',59.34),(404,232,'2024-02-09',380.70),(405,470,'2024-03-10',187.79),(406,33,'2024-11-20',285.19),(407,929,'2024-07-15',183.26),(408,925,'2024-11-11',333.91),(409,152,'2024-09-10',318.21),(410,369,'2024-10-17',191.49),(411,282,'2024-05-08',247.59),(412,312,'2024-05-30',266.21),(413,631,'2024-07-03',433.17),(414,415,'2024-10-29',176.27),(415,474,'2024-04-30',274.86),(416,869,'2024-07-07',107.32),(417,154,'2024-07-26',441.83),(418,260,'2024-03-12',255.49),(419,451,'2024-05-24',445.75),(420,871,'2024-12-17',401.82),(421,497,'2024-12-08',300.54),(422,494,'2024-04-10',94.74),(423,813,'2024-08-02',338.97),(424,591,'2024-10-02',450.09),(425,345,'2024-06-29',374.05),(426,497,'2024-06-16',308.38),(427,394,'2024-09-10',417.58),(428,277,'2024-02-20',370.78),(429,564,'2024-06-04',66.05),(430,956,'2024-02-23',468.65),(431,770,'2024-05-01',145.13),(432,791,'2024-12-03',297.06),(433,636,'2024-09-16',289.66),(434,458,'2024-03-13',366.22),(435,737,'2024-10-09',13.76),(436,523,'2024-01-11',156.61),(437,368,'2024-09-07',491.66),(438,288,'2024-03-04',215.48),(439,53,'2024-02-18',93.24),(440,271,'2024-10-27',136.40),(441,123,'2024-05-01',290.40),(442,158,'2024-10-13',258.49),(443,148,'2024-09-07',444.06),(444,923,'2024-01-05',186.97),(445,351,'2024-05-02',172.08),(446,146,'2024-07-28',74.29),(447,348,'2024-01-20',227.02),(448,67,'2024-10-24',398.39),(449,521,'2024-06-09',384.95),(450,988,'2024-04-09',314.73),(451,689,'2024-07-30',409.92),(452,686,'2024-02-23',273.63),(453,559,'2024-04-13',388.23),(454,552,'2024-05-08',169.83),(455,914,'2024-04-18',271.25),(456,36,'2024-05-19',70.74),(457,818,'2024-05-22',276.04),(458,613,'2024-10-23',166.45),(459,915,'2024-02-02',495.45),(460,191,'2024-04-22',233.92),(461,832,'2024-09-04',330.91),(462,432,'2024-06-23',460.34),(463,686,'2024-07-04',361.41),(464,967,'2024-09-27',445.29),(465,329,'2024-06-21',13.61),(466,143,'2024-02-07',433.92),(467,224,'2024-08-26',406.41),(468,906,'2024-01-15',55.57),(469,338,'2024-03-30',212.27),(470,196,'2024-07-14',42.67),(471,934,'2024-04-04',403.37),(472,55,'2024-01-27',353.52),(473,255,'2024-06-16',491.50),(474,531,'2024-09-23',466.07),(475,806,'2024-08-29',350.86),(476,847,'2024-05-30',70.50),(477,462,'2024-08-21',497.03),(478,754,'2024-03-15',276.08),(479,668,'2024-04-28',230.28),(480,710,'2024-05-28',444.87),(481,172,'2024-11-30',72.95),(482,504,'2024-07-22',106.35),(483,804,'2024-09-25',461.56),(484,711,'2024-12-13',75.72),(485,27,'2024-04-24',352.52),(486,255,'2024-08-06',475.04),(487,825,'2024-05-17',107.50),(488,90,'2024-06-26',481.19),(489,515,'2024-07-16',182.74),(490,817,'2024-04-20',499.01),(491,60,'2024-01-04',166.11),(492,605,'2024-07-10',135.86),(493,601,'2024-04-01',438.26),(494,439,'2024-02-04',310.83),(495,131,'2024-07-09',255.18),(496,706,'2024-09-14',214.75),(497,242,'2024-04-11',398.34),(498,327,'2024-11-11',185.70),(499,654,'2024-10-08',19.23),(500,784,'2024-01-31',393.22),(501,466,'2024-01-24',299.02),(502,868,'2024-05-02',264.09),(503,63,'2024-01-26',229.53),(504,696,'2024-03-20',488.33),(505,185,'2024-07-08',483.89),(506,115,'2024-07-23',79.13),(507,631,'2024-11-20',26.38),(508,125,'2024-03-23',450.59),(509,15,'2024-05-04',479.89),(510,208,'2024-05-12',191.76),(511,922,'2024-10-22',479.36),(512,932,'2024-06-13',175.60),(513,824,'2024-04-28',290.46),(514,171,'2024-01-31',17.62),(515,573,'2024-02-29',358.51),(516,150,'2024-07-20',455.77),(517,755,'2024-08-10',449.88),(518,895,'2024-01-15',370.99),(519,835,'2024-02-20',406.62),(520,615,'2024-12-02',465.23),(521,477,'2024-02-07',113.17),(522,82,'2024-11-02',408.21),(523,159,'2024-04-21',481.89),(524,48,'2024-07-17',153.68),(525,804,'2024-01-02',152.18),(526,694,'2024-01-23',46.68),(527,691,'2024-09-27',359.74),(528,102,'2024-07-17',492.52),(529,323,'2024-08-05',52.53),(530,404,'2024-03-23',420.26),(531,582,'2024-12-02',494.07),(532,573,'2024-09-14',269.58),(533,366,'2024-09-21',353.28),(534,939,'2024-03-26',482.82),(535,227,'2024-12-28',190.17),(536,157,'2024-06-13',220.61),(537,328,'2024-12-04',306.67),(538,731,'2024-03-22',355.87),(539,496,'2024-05-23',263.87),(540,540,'2024-06-30',275.04),(541,954,'2024-02-02',270.30),(542,532,'2024-07-31',122.19),(543,644,'2024-06-25',330.96),(544,524,'2024-10-05',488.68),(545,350,'2024-05-13',109.92),(546,304,'2024-09-29',228.41),(547,441,'2024-09-09',103.43),(548,83,'2024-06-07',389.97),(549,92,'2024-11-06',237.82),(550,79,'2024-12-03',242.79),(551,503,'2024-08-16',389.75),(552,937,'2024-07-05',47.50),(553,894,'2024-02-20',242.41),(554,72,'2024-02-08',63.63),(555,650,'2024-08-06',45.83),(556,60,'2024-11-15',321.89),(557,535,'2024-01-29',185.26),(558,837,'2024-03-17',299.00),(559,918,'2024-06-24',464.95),(560,97,'2024-06-26',87.73),(561,169,'2024-02-13',87.16),(562,42,'2024-11-19',485.84),(563,657,'2024-12-19',152.07),(564,410,'2024-12-24',98.28),(565,794,'2024-07-31',48.39),(566,442,'2024-08-14',401.37),(567,924,'2024-08-31',483.59),(568,935,'2024-05-14',139.36),(569,844,'2024-09-12',419.98),(570,715,'2024-04-04',454.94),(571,185,'2024-12-18',247.52),(572,719,'2024-12-26',406.49),(573,234,'2024-04-07',104.68),(574,508,'2024-05-05',230.47),(575,242,'2024-10-04',325.13),(576,655,'2024-12-07',150.15),(577,973,'2024-08-12',81.66),(578,792,'2024-03-02',265.65),(579,875,'2024-02-24',339.68),(580,524,'2024-02-06',430.02),(581,205,'2024-06-18',495.33),(582,559,'2024-01-09',264.76),(583,708,'2024-10-22',111.22),(584,175,'2024-02-21',241.34),(585,281,'2024-09-27',90.54),(586,781,'2024-07-06',69.66),(587,856,'2024-10-07',347.78),(588,19,'2024-01-30',104.34),(589,277,'2024-08-16',474.13),(590,744,'2024-11-09',198.77),(591,970,'2024-06-30',397.43),(592,128,'2024-12-09',203.14),(593,552,'2024-03-16',323.68),(594,607,'2024-09-28',110.87),(595,949,'2024-03-27',326.25),(596,208,'2024-09-18',73.65),(597,470,'2024-11-15',448.93),(598,662,'2024-09-16',341.04),(599,855,'2024-03-15',249.73),(600,287,'2024-07-30',349.15),(601,749,'2024-09-02',355.05),(602,72,'2024-05-27',118.74),(603,322,'2024-03-25',341.03),(604,500,'2024-01-02',243.37),(605,259,'2024-03-28',344.82),(606,253,'2024-11-20',276.03),(607,407,'2024-11-28',19.95),(608,820,'2024-10-01',132.41),(609,503,'2024-10-03',242.42),(610,522,'2024-03-05',178.71),(611,127,'2024-08-15',332.39),(612,311,'2024-08-05',105.08),(613,456,'2024-12-01',273.70),(614,329,'2024-03-08',81.12),(615,405,'2024-03-13',235.37),(616,580,'2024-04-22',472.56),(617,622,'2024-11-08',275.23),(618,665,'2024-03-12',224.37),(619,580,'2024-12-15',339.96),(620,315,'2024-06-30',251.35),(621,986,'2024-12-08',92.10),(622,610,'2024-03-02',355.20),(623,943,'2024-06-21',115.70),(624,217,'2024-10-11',349.48),(625,469,'2024-04-24',181.53),(626,880,'2024-04-22',487.55),(627,723,'2024-01-17',128.33),(628,130,'2024-09-13',45.46),(629,399,'2024-08-26',472.69),(630,189,'2024-11-08',375.62),(631,423,'2024-02-12',471.41),(632,442,'2024-01-18',468.02),(633,736,'2024-02-13',469.79),(634,3,'2024-10-21',420.38),(635,306,'2024-11-16',355.06),(636,913,'2024-09-09',91.86),(637,468,'2024-01-31',473.31),(638,612,'2024-05-31',428.21),(639,960,'2024-12-24',99.83),(640,101,'2024-12-13',349.42),(641,693,'2024-10-24',124.61),(642,957,'2024-04-13',301.00),(643,205,'2024-03-08',150.13),(644,730,'2024-09-21',414.00),(645,137,'2024-06-08',173.48),(646,614,'2024-08-16',379.79),(647,995,'2024-12-25',227.59),(648,961,'2024-08-23',133.07),(649,506,'2024-01-05',244.72),(650,434,'2024-03-27',243.16),(651,277,'2024-02-18',45.73),(652,913,'2024-06-18',270.65),(653,392,'2024-11-21',406.69),(654,684,'2024-10-29',16.46),(655,84,'2024-04-14',493.97),(656,968,'2024-05-22',409.68),(657,508,'2024-01-13',479.87),(658,819,'2024-11-24',466.96),(659,791,'2024-06-28',406.81),(660,79,'2024-07-30',27.20),(661,570,'2024-10-30',228.12),(662,616,'2024-05-02',209.61),(663,708,'2024-06-22',32.17),(664,278,'2024-08-29',404.08),(665,336,'2024-08-13',142.49),(666,351,'2024-10-10',67.67),(667,61,'2024-05-10',48.09),(668,673,'2024-10-25',313.52),(669,609,'2024-02-15',123.68),(670,626,'2024-09-21',148.94),(671,732,'2024-08-03',24.75),(672,568,'2024-08-10',156.62),(673,966,'2024-08-19',220.28),(674,262,'2024-10-18',289.23),(675,511,'2024-07-24',402.06),(676,881,'2024-10-03',102.81),(677,625,'2024-12-28',455.43),(678,197,'2024-07-28',255.48),(679,993,'2024-04-04',239.66),(680,900,'2024-07-07',123.09),(681,231,'2024-05-11',460.79),(682,905,'2024-12-01',200.15),(683,338,'2024-02-10',488.44),(684,735,'2024-06-02',200.55),(685,966,'2024-06-03',404.56),(686,238,'2024-01-29',102.21),(687,104,'2024-07-25',361.35),(688,667,'2024-11-06',380.79),(689,906,'2024-06-15',324.42),(690,353,'2024-10-02',83.13),(691,400,'2024-09-24',32.54),(692,434,'2024-01-01',363.80),(693,900,'2024-11-07',298.81),(694,961,'2024-10-16',206.47),(695,46,'2024-04-27',288.79),(696,877,'2024-01-25',188.68),(697,14,'2024-11-29',366.19),(698,498,'2024-10-11',313.21),(699,796,'2024-08-28',389.25),(700,681,'2024-02-25',323.67),(701,327,'2024-01-12',28.62),(702,43,'2024-08-17',98.99),(703,533,'2024-12-20',461.90),(704,165,'2024-11-23',196.50),(705,310,'2024-05-03',191.20),(706,675,'2024-10-16',43.57),(707,680,'2024-06-10',132.15),(708,196,'2024-01-05',38.71),(709,763,'2024-03-24',248.74),(710,533,'2024-06-29',14.46),(711,864,'2024-02-10',364.32),(712,63,'2024-04-16',374.13),(713,977,'2024-09-03',156.82),(714,288,'2024-10-28',40.11),(715,521,'2024-09-20',469.83),(716,596,'2024-02-18',430.51),(717,480,'2024-06-30',26.41),(718,950,'2024-10-07',68.65),(719,741,'2024-12-09',455.43),(720,838,'2024-03-16',424.24),(721,931,'2024-06-01',392.00),(722,486,'2024-11-10',436.02),(723,219,'2024-10-21',255.56),(724,600,'2024-03-06',358.52),(725,884,'2024-12-09',328.62),(726,692,'2024-02-17',383.49),(727,146,'2024-05-17',275.07),(728,3,'2024-04-03',470.58),(729,914,'2024-07-17',488.31),(730,797,'2024-12-12',498.21),(731,624,'2024-12-06',223.84),(732,956,'2024-06-30',283.44),(733,601,'2024-02-01',178.79),(734,626,'2024-03-01',149.78),(735,168,'2024-12-25',47.86),(736,900,'2024-12-21',447.82),(737,580,'2024-04-14',116.81),(738,174,'2024-05-20',249.74),(739,717,'2024-02-16',297.70),(740,960,'2024-09-03',393.53),(741,50,'2024-03-30',490.19),(742,275,'2024-12-30',45.11),(743,770,'2024-12-06',140.49),(744,476,'2024-02-22',198.80),(745,484,'2024-01-19',459.54),(746,325,'2024-07-28',68.08),(747,598,'2024-04-23',145.78),(748,408,'2024-06-25',298.29),(749,791,'2024-01-31',47.15),(750,3,'2024-05-29',246.68),(751,733,'2024-04-21',169.32),(752,59,'2024-10-29',103.57),(753,781,'2024-03-18',312.71),(754,898,'2024-08-27',22.04),(755,203,'2024-11-06',29.28),(756,201,'2024-08-30',236.92),(757,601,'2024-06-05',403.43),(758,50,'2024-05-08',55.01),(759,683,'2024-03-29',431.79),(760,981,'2024-08-08',177.74),(761,304,'2024-05-20',410.26),(762,735,'2024-10-01',39.26),(763,439,'2024-05-01',277.22),(764,877,'2024-10-31',339.20),(765,399,'2024-03-01',431.63),(766,729,'2024-10-26',112.93),(767,519,'2024-09-20',133.87),(768,244,'2024-12-02',380.18),(769,259,'2024-04-13',307.36),(770,606,'2024-06-14',348.06),(771,426,'2024-09-13',430.45),(772,837,'2024-12-06',115.65),(773,820,'2024-10-09',361.01),(774,176,'2024-11-04',126.34),(775,142,'2024-11-03',27.41),(776,410,'2024-07-19',283.06),(777,809,'2024-04-03',313.17),(778,748,'2024-03-11',353.79),(779,522,'2024-02-01',34.36),(780,420,'2024-05-10',11.47),(781,560,'2024-01-05',185.39),(782,84,'2024-04-30',22.31),(783,56,'2024-02-04',408.75),(784,47,'2024-03-09',281.37),(785,89,'2024-08-09',237.07),(786,516,'2024-09-12',134.54),(787,655,'2024-08-07',117.38),(788,545,'2024-04-15',210.15),(789,431,'2024-05-18',144.54),(790,455,'2024-06-21',428.87),(791,435,'2024-01-19',259.10),(792,275,'2024-12-19',281.81),(793,838,'2024-05-22',131.03),(794,106,'2024-08-18',333.18),(795,326,'2024-12-18',269.91),(796,493,'2024-05-24',269.65),(797,968,'2024-02-06',178.36),(798,206,'2024-07-06',461.83),(799,308,'2024-09-06',248.76),(800,114,'2024-02-18',270.44),(801,439,'2024-09-17',199.15),(802,317,'2024-01-22',323.08),(803,980,'2024-02-06',155.24),(804,973,'2024-03-17',154.19),(805,713,'2024-10-10',411.54),(806,887,'2024-09-25',42.25),(807,976,'2024-07-05',419.12),(808,948,'2024-01-16',454.53),(809,559,'2024-04-11',425.97),(810,731,'2024-05-17',358.35),(811,779,'2024-07-17',445.62),(812,316,'2024-08-31',313.60),(813,477,'2024-08-11',315.22),(814,132,'2024-08-22',306.63),(815,683,'2024-07-14',235.44),(816,730,'2024-07-22',285.74),(817,136,'2024-11-12',33.76),(818,914,'2024-09-23',70.25),(819,859,'2024-08-29',431.07),(820,365,'2024-09-06',12.60),(821,368,'2024-06-13',377.75),(822,829,'2024-01-30',132.05),(823,202,'2024-04-27',495.90),(824,398,'2024-08-15',369.63),(825,952,'2024-08-29',78.03),(826,390,'2024-08-27',79.37),(827,551,'2024-10-30',368.73),(828,893,'2024-09-27',307.56),(829,180,'2024-01-01',147.72),(830,158,'2024-09-02',315.73),(831,711,'2024-09-08',363.53),(832,340,'2024-04-25',233.52),(833,865,'2024-01-17',311.32),(834,125,'2024-03-04',19.30),(835,549,'2024-10-16',250.60),(836,645,'2024-06-06',164.61),(837,631,'2024-11-16',228.70),(838,657,'2024-11-02',473.04),(839,981,'2024-08-12',36.20),(840,556,'2024-07-27',299.93),(841,887,'2024-12-09',325.84),(842,957,'2024-04-03',265.47),(843,353,'2024-12-06',480.68),(844,612,'2024-05-24',492.10),(845,929,'2024-04-24',238.85),(846,932,'2024-10-27',396.64),(847,842,'2024-05-09',300.18),(848,968,'2024-09-29',37.36),(849,652,'2024-02-12',371.96),(850,814,'2024-06-04',463.95),(851,858,'2024-02-12',106.37),(852,695,'2024-04-14',271.10),(853,840,'2024-01-27',492.34),(854,382,'2024-04-10',50.63),(855,130,'2024-09-15',133.18),(856,111,'2024-06-21',178.76),(857,454,'2024-08-16',141.54),(858,902,'2024-08-14',436.05),(859,826,'2024-08-02',454.44),(860,949,'2024-11-03',60.00),(861,561,'2024-03-09',322.60),(862,639,'2024-06-05',76.06),(863,298,'2024-10-10',110.72),(864,10,'2024-05-30',214.60),(865,165,'2024-02-08',201.11),(866,790,'2024-04-11',254.86),(867,266,'2024-11-08',292.20),(868,918,'2024-08-29',157.88),(869,284,'2024-01-30',108.44),(870,572,'2024-10-08',411.71),(871,483,'2024-01-02',255.81),(872,170,'2024-12-13',31.97),(873,349,'2024-10-08',101.77),(874,998,'2024-04-30',484.53),(875,893,'2024-01-12',386.41),(876,333,'2024-07-13',287.94),(877,123,'2024-04-02',27.42),(878,249,'2024-03-17',180.43),(879,658,'2024-03-12',19.91),(880,522,'2024-01-17',499.57),(881,395,'2024-08-26',10.50),(882,47,'2024-06-19',483.22),(883,414,'2024-05-09',191.95),(884,903,'2024-04-20',482.42),(885,301,'2024-09-29',233.30),(886,140,'2024-03-22',444.30),(887,395,'2024-09-07',75.90),(888,284,'2024-03-24',350.16),(889,282,'2024-10-21',241.53),(890,209,'2024-07-21',204.51),(891,53,'2024-09-08',250.96),(892,779,'2024-07-22',240.47),(893,1000,'2024-11-09',372.79),(894,633,'2024-04-04',63.73),(895,544,'2024-02-25',409.56),(896,970,'2024-02-01',419.42),(897,790,'2024-09-09',473.41),(898,390,'2024-01-12',65.43),(899,146,'2024-05-25',454.65),(900,451,'2024-02-02',124.27),(901,647,'2024-06-19',381.80),(902,924,'2024-06-30',85.90),(903,699,'2024-11-12',12.17),(904,419,'2024-05-07',471.08),(905,269,'2024-02-14',12.68),(906,828,'2024-12-09',230.27),(907,123,'2024-02-13',374.51),(908,208,'2024-04-20',375.85),(909,483,'2024-03-19',273.00),(910,562,'2024-07-08',50.86),(911,597,'2024-08-28',434.19),(912,358,'2024-11-16',118.74),(913,666,'2024-12-21',156.95),(914,918,'2024-05-11',139.16),(915,175,'2024-03-28',191.94),(916,401,'2024-07-15',309.79),(917,516,'2024-12-01',106.70),(918,978,'2024-03-20',11.03),(919,935,'2024-11-16',432.76),(920,473,'2024-05-05',359.12),(921,961,'2024-06-13',396.09),(922,381,'2024-06-10',192.55),(923,79,'2024-08-30',362.57),(924,36,'2024-05-21',132.87),(925,910,'2024-08-09',452.77),(926,792,'2024-06-14',415.58),(927,803,'2024-11-08',424.24),(928,365,'2024-08-12',261.82),(929,258,'2024-07-10',417.67),(930,419,'2024-06-29',368.39),(931,700,'2024-04-05',126.35),(932,767,'2024-08-15',497.54),(933,300,'2024-03-15',443.05),(934,608,'2024-08-18',64.09),(935,950,'2024-07-05',334.15),(936,579,'2024-03-11',480.81),(937,568,'2024-09-17',174.30),(938,965,'2024-03-28',242.43),(939,574,'2024-12-23',297.66),(940,782,'2024-08-20',122.22),(941,952,'2024-03-13',77.65),(942,911,'2024-11-11',468.15),(943,797,'2024-09-27',73.43),(944,771,'2024-09-16',309.99),(945,758,'2024-03-24',393.82),(946,278,'2024-07-28',280.97),(947,995,'2024-10-10',158.06),(948,708,'2024-12-26',82.75),(949,256,'2024-08-13',51.88),(950,661,'2024-09-12',378.32),(951,753,'2024-12-14',197.88),(952,132,'2024-07-06',205.84),(953,465,'2024-08-29',266.46),(954,204,'2024-09-15',470.19),(955,515,'2024-06-30',10.02),(956,157,'2024-04-18',481.97),(957,183,'2024-11-01',189.60),(958,41,'2024-07-17',244.98),(959,229,'2024-08-05',201.65),(960,618,'2024-10-16',48.84),(961,823,'2024-10-26',316.30),(962,300,'2024-12-28',254.90),(963,388,'2024-03-31',53.23),(964,277,'2024-02-04',26.05),(965,637,'2024-06-10',164.44),(966,331,'2024-05-05',164.33),(967,313,'2024-08-04',244.90),(968,983,'2024-04-09',274.05),(969,402,'2024-09-02',126.99),(970,851,'2024-08-06',339.01),(971,779,'2024-10-23',58.60),(972,855,'2024-01-18',482.76),(973,862,'2024-04-30',43.67),(974,878,'2024-07-24',264.92),(975,925,'2024-03-30',388.17),(976,141,'2024-12-23',278.65),(977,142,'2024-05-30',238.32),(978,779,'2024-07-31',406.10),(979,457,'2024-07-17',31.39),(980,515,'2024-06-15',452.94),(981,621,'2024-12-16',289.92),(982,212,'2024-05-24',392.67),(983,278,'2024-02-02',128.62),(984,134,'2024-09-20',327.37),(985,512,'2024-05-03',261.64),(986,518,'2024-06-10',83.36),(987,75,'2024-01-12',435.95),(988,577,'2024-12-18',238.77),(989,609,'2024-12-20',245.04),(990,271,'2024-06-17',114.29),(991,179,'2024-01-17',345.84),(992,471,'2024-05-06',263.89),(993,79,'2024-07-22',70.44),(994,700,'2024-01-12',281.46),(995,359,'2024-12-28',35.21),(996,430,'2024-03-13',456.06),(997,817,'2024-04-01',266.83),(998,779,'2024-11-09',317.60),(999,596,'2024-04-30',315.64),(1000,874,'2024-06-19',419.11);
/*!40000 ALTER TABLE `order` ENABLE KEYS */;
UNLOCK TABLES;

--
-- Table structure for table `orderdetails`
--

DROP TABLE IF EXISTS `orderdetails`;
/*!40101 SET @saved_cs_client     = @@character_set_client */;
/*!50503 SET character_set_client = utf8mb4 */;
CREATE TABLE `orderdetails` (
  `OrderID` int NOT NULL,
  `ProductID` int NOT NULL,
  `Quantity` int NOT NULL,
  PRIMARY KEY (`OrderID`,`ProductID`),
  KEY `ProductID` (`ProductID`),
  CONSTRAINT `orderdetails_ibfk_1` FOREIGN KEY (`OrderID`) REFERENCES `order` (`OrderID`),
  CONSTRAINT `orderdetails_ibfk_2` FOREIGN KEY (`ProductID`) REFERENCES `product` (`ProductID`)
) ENGINE=InnoDB DEFAULT CHARSET=utf8mb4 COLLATE=utf8mb4_0900_ai_ci;
/*!40101 SET character_set_client = @saved_cs_client */;

--
-- Dumping data for table `orderdetails`
--

LOCK TABLES `orderdetails` WRITE;
/*!40000 ALTER TABLE `orderdetails` DISABLE KEYS */;
INSERT INTO `orderdetails` VALUES (1,59,2),(2,99,1),(3,73,2),(4,82,8),(5,94,4),(6,96,9),(7,1,2),(8,50,9),(9,67,3),(10,69,7),(11,58,2),(12,78,1),(13,14,1),(14,81,10),(15,11,8),(16,60,6),(17,36,6),(18,55,6),(19,63,2),(20,23,8),(21,37,10),(22,99,8),(23,87,9),(24,72,4),(25,30,4),(26,77,1),(27,31,8),(28,24,6),(29,31,6),(30,12,7),(31,21,8),(32,94,8),(33,21,7),(34,25,4),(35,24,7),(36,37,10),(37,61,1),(38,68,8),(39,6,1),(40,91,7),(41,15,9),(42,88,8),(43,87,4),(44,16,9),(45,27,10),(46,5,9),(47,30,2),(48,47,9),(49,10,7),(50,81,2),(51,4,1),(52,63,1),(53,85,7),(54,84,1),(55,65,2),(56,96,9),(57,29,2),(58,48,2),(59,91,2),(60,61,6),(61,47,7),(62,13,9),(63,5,6),(64,6,7),(65,42,9),(66,30,8),(67,91,3),(68,63,8),(69,33,8),(70,50,9),(71,98,6),(72,25,8),(73,17,7),(74,28,1),(75,71,9),(76,56,5),(77,10,1),(78,35,4),(79,62,3),(80,34,2),(81,1,3),(82,24,2),(83,94,9),(84,38,6),(85,90,6),(86,79,4),(87,10,2),(88,90,1),(89,9,6),(90,76,9),(91,93,6),(92,61,4),(93,14,5),(94,15,5),(95,59,6),(96,19,4),(97,26,9),(98,75,6),(99,85,5),(100,3,4),(101,82,9),(102,44,2),(103,12,1),(104,35,5),(105,85,2),(106,69,9),(107,95,9),(108,49,5),(109,37,5),(110,13,4),(111,76,2),(112,79,9),(113,14,10),(114,61,4),(115,88,3),(116,57,3),(117,95,10),(118,32,3),(119,39,2),(120,37,9),(121,76,1),(122,11,6),(123,25,10),(124,49,7),(125,98,4),(126,54,5),(127,98,5),(128,90,8),(129,92,7),(130,65,7),(131,62,5),(132,19,6),(133,90,5),(134,85,3),(135,38,4),(136,4,10),(137,17,10),(138,2,9),(139,55,1),(140,38,8),(141,12,4),(142,99,8),(143,38,7),(144,5,4),(145,37,7),(146,15,10),(147,91,5),(148,50,6),(149,44,4),(150,65,6),(151,79,9),(152,58,6),(153,85,8),(154,76,5),(155,27,1),(156,21,9),(157,89,5),(158,27,9),(159,10,1),(160,11,4),(161,22,5),(162,20,1),(163,51,1),(164,65,6),(165,64,1),(166,18,9),(167,46,3),(168,70,4),(169,77,6),(170,64,7),(171,65,5),(172,86,3),(173,77,10),(174,99,8),(175,52,10),(176,66,8),(177,86,7),(178,67,5),(179,5,10),(180,40,4),(181,42,7),(182,99,4),(183,34,9),(184,76,5),(185,51,2),(186,36,7),(187,51,10),(188,38,8),(189,72,9),(190,84,3),(191,89,2),(192,4,7),(193,9,10),(194,24,5),(195,48,3),(196,60,3),(197,20,4),(198,87,6),(199,48,10),(200,6,7),(201,81,3),(202,6,3),(203,78,7),(204,76,5),(205,33,6),(206,66,8),(207,41,2),(208,87,4),(209,22,8),(210,71,3),(211,95,2),(212,33,6),(213,74,4),(214,50,9),(215,28,4),(216,33,3),(217,2,8),(218,69,7),(219,87,2),(220,72,3),(221,56,7),(222,85,5),(223,50,2),(224,100,2),(225,11,9),(226,1,4),(227,72,8),(228,19,10),(229,47,8),(230,60,8),(231,46,4),(232,78,1),(233,78,6),(234,37,3),(235,21,3),(236,83,2),(237,70,9),(238,81,9),(239,16,3),(240,50,6),(241,37,10),(242,19,5),(243,43,8),(244,14,5),(245,9,8),(246,45,8),(247,13,3),(248,50,7),(249,75,2),(250,82,10),(251,45,10),(252,80,5),(253,1,1),(254,45,6),(255,7,9),(256,6,1),(257,51,8),(258,48,7),(259,60,6),(260,22,5),(261,64,4),(262,14,3),(263,44,10),(264,45,8),(265,89,5),(266,34,10),(267,61,3),(268,8,8),(269,88,4),(270,20,7),(271,18,5),(272,94,10),(273,46,7),(274,3,8),(275,31,9),(276,50,6),(277,8,3),(278,44,8),(279,54,4),(280,80,6),(281,55,7),(282,24,9),(283,65,6),(284,13,2),(285,100,3),(286,86,6),(287,96,3),(288,15,8),(289,47,2),(290,92,4),(291,40,6),(292,18,10),(293,1,1),(294,46,7),(295,26,5),(296,36,5),(297,68,4),(298,76,6),(299,68,1),(300,87,3),(301,34,3),(302,23,6),(303,66,9),(304,48,6),(305,45,8),(306,25,1),(307,75,7),(308,60,7),(309,62,9),(310,44,3),(311,39,7),(312,21,6),(313,28,8),(314,13,2),(315,5,10),(316,95,6),(317,86,8),(318,3,3),(319,90,7),(320,54,7),(321,22,9),(322,90,3),(323,57,2),(324,59,2),(325,43,7),(326,55,9),(327,8,2),(328,9,1),(329,69,10),(330,40,10),(331,37,6),(332,44,3),(333,69,9),(334,9,5),(335,27,9),(336,8,5),(337,39,5),(338,41,7),(339,7,2),(340,58,1),(341,20,8),(342,99,9),(343,96,3),(344,43,7),(345,48,3),(346,67,10),(347,57,9),(348,15,10),(349,62,8),(350,34,7),(351,16,3),(352,19,5),(353,37,8),(354,74,1),(355,20,7),(356,22,7),(357,29,1),(358,34,5),(359,5,10),(360,31,1),(361,20,9),(362,55,10),(363,34,6),(364,14,9),(365,4,7),(366,36,7),(367,3,3),(368,3,10),(369,29,5),(370,81,1),(371,99,9),(372,47,2),(373,89,1),(374,43,6),(375,75,4),(376,92,7),(377,87,6),(378,70,10),(379,43,1),(380,33,10),(381,90,1),(382,36,1),(383,82,9),(384,57,4),(385,83,6),(386,64,9),(387,88,10),(388,21,5),(389,37,7),(390,27,3),(391,95,7),(392,44,10),(393,28,8),(394,39,4),(395,24,7),(396,41,1),(397,18,10),(398,34,4),(399,51,5),(400,98,8),(401,83,9),(402,90,4),(403,20,9),(404,34,6),(405,27,9),(406,61,10),(407,51,1),(408,58,7),(409,51,7),(410,91,5),(411,32,8),(412,73,4),(413,40,1),(414,94,3),(415,22,6),(416,47,9),(417,38,4),(418,94,9),(419,69,1),(420,11,2),(421,66,2),(422,65,2),(423,32,10),(424,49,2),(425,49,5),(426,59,10),(427,73,4),(428,100,6),(429,74,7),(430,64,7),(431,33,2),(432,21,10),(433,69,6),(434,84,6),(435,89,7),(436,32,3),(437,19,6),(438,45,1),(439,51,1),(440,63,7),(441,67,4),(442,32,5),(443,33,2),(444,52,8),(445,3,2),(446,28,5),(447,94,9),(448,97,1),(449,4,7),(450,13,1),(451,33,5),(452,57,4),(453,85,10),(454,49,3),(455,10,5),(456,49,2),(457,78,2),(458,85,10),(459,93,2),(460,75,10),(461,100,7),(462,70,2),(463,79,9),(464,16,3),(465,14,9),(466,4,2),(467,56,2),(468,75,10),(469,84,6),(470,95,9),(471,5,10),(472,18,2),(473,100,9),(474,74,3),(475,71,9),(476,7,2),(477,82,3),(478,14,4),(479,49,6),(480,3,1),(481,89,4),(482,5,4),(483,22,8),(484,84,9),(485,24,1),(486,77,4),(487,79,1),(488,58,10),(489,94,1),(490,71,10),(491,30,9),(492,96,4),(493,72,6),(494,16,1),(495,18,1),(496,88,3),(497,91,6),(498,87,5),(499,98,3),(500,52,5),(501,93,1),(502,93,2),(503,46,5),(504,62,5),(505,27,6),(506,50,10),(507,33,5),(508,34,5),(509,81,3),(510,4,7),(511,65,1),(512,48,10),(513,85,2),(514,65,9),(515,48,1),(516,45,9),(517,20,8),(518,92,6),(519,62,8),(520,53,8),(521,70,4),(522,65,4),(523,47,9),(524,45,9),(525,10,10),(526,86,10),(527,31,2),(528,80,10),(529,76,1),(530,72,2),(531,72,9),(532,98,3),(533,53,9),(534,19,3),(535,9,3),(536,23,3),(537,36,5),(538,87,7),(539,10,4),(540,13,3),(541,17,8),(542,3,6),(543,80,6),(544,69,9),(545,89,3),(546,70,1),(547,60,2),(548,80,10),(549,24,8),(550,81,2),(551,72,9),(552,8,5),(553,100,6),(554,100,2),(555,70,9),(556,76,4),(557,50,2),(558,2,10),(559,19,3),(560,26,5),(561,59,4),(562,30,3),(563,22,3),(564,87,1),(565,55,1),(566,8,3),(567,89,2),(568,97,4),(569,54,6),(570,4,10),(571,80,2),(572,52,4),(573,76,10),(574,68,2),(575,2,4),(576,96,1),(577,92,3),(578,68,5),(579,7,4),(580,33,10),(581,73,8),(582,66,2),(583,13,3),(584,53,3),(585,94,5),(586,67,5),(587,96,8),(588,98,6),(589,37,1),(590,40,1),(591,34,9),(592,49,1),(593,46,2),(594,80,8),(595,98,5),(596,37,5),(597,69,4),(598,5,2),(599,34,7),(600,44,8),(601,29,5),(602,92,2),(603,74,3),(604,13,6),(605,51,9),(606,82,3),(607,97,3),(608,57,9),(609,80,2),(610,28,9),(611,24,8),(612,96,3),(613,65,10),(614,17,1),(615,70,6),(616,100,1),(617,81,9),(618,68,6),(619,89,3),(620,26,1),(621,15,1),(622,9,10),(623,76,1),(624,3,8),(625,64,2),(626,61,9),(627,75,4),(628,67,2),(629,58,2),(630,96,7),(631,35,2),(632,78,9),(633,56,4),(634,91,7),(635,93,8),(636,2,10),(637,94,5),(638,43,1),(639,5,6),(640,27,9),(641,59,3),(642,34,5),(643,49,10),(644,88,3),(645,49,8),(646,33,7),(647,70,7),(648,22,10),(649,15,2),(650,86,10),(651,18,4),(652,63,10),(653,3,8),(654,100,3),(655,7,3),(656,20,3),(657,54,4),(658,6,4),(659,9,1),(660,87,1),(661,90,7),(662,29,2),(663,38,9),(664,83,6),(665,31,7),(666,5,3),(667,72,10),(668,25,1),(669,71,9),(670,34,4),(671,96,7),(672,2,2),(673,37,8),(674,79,9),(675,21,8),(676,58,3),(677,75,1),(678,58,8),(679,62,6),(680,68,10),(681,7,8),(682,28,9),(683,12,1),(684,24,2),(685,76,1),(686,25,10),(687,57,5),(688,4,6),(689,24,6),(690,88,3),(691,41,3),(692,92,2),(693,99,2),(694,30,1),(695,37,10),(696,48,3),(697,92,10),(698,9,3),(699,28,8),(700,42,4),(701,53,1),(702,33,3),(703,16,3),(704,67,1),(705,12,8),(706,70,4),(707,47,2),(708,63,7),(709,50,2),(710,74,10),(711,39,4),(712,3,4),(713,55,10),(714,95,8),(715,28,10),(716,26,6),(717,72,10),(718,74,9),(719,78,10),(720,82,10),(721,77,6),(722,10,7),(723,77,7),(724,32,4),(725,5,2),(726,7,2),(727,83,5),(728,77,10),(729,25,5),(730,42,6),(731,54,1),(732,3,1),(733,48,9),(734,99,10),(735,91,8),(736,93,1),(737,39,1),(738,11,2),(739,4,2),(740,26,4),(741,53,1),(742,48,7),(743,8,1),(744,37,4),(745,84,7),(746,51,9),(747,95,6),(748,59,8),(749,9,4),(750,39,5),(751,36,2),(752,75,7),(753,84,4),(754,85,10),(755,73,10),(756,4,7),(757,27,8),(758,61,3),(759,23,5),(760,69,7),(761,12,5),(762,54,8),(763,95,4),(764,13,1),(765,67,5),(766,65,5),(767,37,9),(768,93,2),(769,41,9),(770,52,8),(771,45,5),(772,19,6),(773,94,3),(774,49,1),(775,23,7),(776,99,3),(777,62,6),(778,93,8),(779,25,4),(780,70,4),(781,80,6),(782,85,1),(783,62,1),(784,1,1),(785,22,5),(786,43,9),(787,23,6),(788,32,1),(789,26,7),(790,8,7),(791,26,6),(792,6,3),(793,43,5),(794,40,3),(795,13,10),(796,10,6),(797,15,2),(798,76,6),(799,33,8),(800,80,2),(801,65,2),(802,63,9),(803,54,5),(804,88,2),(805,49,9),(806,53,2),(807,21,9),(808,66,1),(809,82,2),(810,5,3),(811,6,10),(812,26,10),(813,41,7),(814,42,9),(815,40,8),(816,89,6),(817,84,2),(818,32,8),(819,15,9),(820,26,7),(821,50,1),(822,52,4),(823,95,7),(824,36,5),(825,40,3),(826,13,1),(827,30,2),(828,86,1),(829,76,5),(830,100,9),(831,37,7),(832,58,4),(833,44,10),(834,57,7),(835,17,3),(836,94,9),(837,4,4),(838,22,8),(839,41,10),(840,28,5),(841,20,2),(842,76,1),(843,29,5),(844,51,5),(845,77,10),(846,30,10),(847,20,3),(848,78,5),(849,57,9),(850,48,2),(851,35,9),(852,24,7),(853,50,5),(854,4,1),(855,91,2),(856,34,8),(857,13,4),(858,7,4),(859,65,1),(860,75,10),(861,26,9),(862,85,5),(863,61,5),(864,1,7),(865,91,5),(866,22,1),(867,95,2),(868,18,4),(869,29,1),(870,46,8),(871,93,1),(872,33,2),(873,97,4),(874,2,3),(875,3,3),(876,91,1),(877,84,8),(878,73,10),(879,89,8),(880,4,10),(881,38,4),(882,50,4),(883,6,6),(884,19,2),(885,19,8),(886,72,1),(887,9,1),(888,75,2),(889,20,7),(890,22,2),(891,40,9),(892,76,10),(893,8,4),(894,54,2),(895,1,3),(896,41,4),(897,77,7),(898,42,5),(899,66,5),(900,2,10),(901,18,6),(902,56,2),(903,22,2),(904,85,9),(905,63,5),(906,85,9),(907,2,10),(908,83,1),(909,97,8),(910,22,5),(911,32,1),(912,65,1),(913,55,5),(914,20,9),(915,6,4),(916,69,3),(917,91,4),(918,27,7),(919,75,7),(920,75,10),(921,19,3),(922,70,5),(923,3,5),(924,22,3),(925,47,7),(926,91,8),(927,84,2),(928,35,1),(929,20,10),(930,82,5),(931,24,2),(932,48,8),(933,88,2),(934,24,4),(935,30,5),(936,92,6),(937,79,6),(938,31,8),(939,28,1),(940,11,10),(941,39,10),(942,41,3),(943,57,8),(944,57,4),(945,98,8),(946,40,6),(947,70,6),(948,29,4),(949,75,3),(950,100,8),(951,53,6),(952,58,4),(953,1,2),(954,70,10),(955,28,3),(956,4,2),(957,89,10),(958,76,1),(959,13,7),(960,8,2),(961,93,7),(962,69,2),(963,2,9),(964,92,3),(965,65,8),(966,85,1),(967,95,3),(968,46,6),(969,59,1),(970,12,2),(971,17,8),(972,63,4),(973,33,5),(974,64,4),(975,9,8),(976,60,8),(977,36,3),(978,15,7),(979,5,9),(980,99,1),(981,45,4),(982,99,2),(983,98,2),(984,67,10),(985,44,8),(986,24,1),(987,92,7),(988,31,6),(989,82,2),(990,68,9),(991,10,7),(992,43,4),(993,42,5),(994,55,10),(995,77,1),(996,65,10),(997,24,10),(998,53,5),(999,6,2),(1000,33,8);
/*!40000 ALTER TABLE `orderdetails` ENABLE KEYS */;
UNLOCK TABLES;

--
-- Table structure for table `payment`
--

DROP TABLE IF EXISTS `payment`;
/*!40101 SET @saved_cs_client     = @@character_set_client */;
/*!50503 SET character_set_client = utf8mb4 */;
CREATE TABLE `payment` (
  `PaymentID` int NOT NULL AUTO_INCREMENT,
  `OrderID` int NOT NULL,
  `Amount` decimal(10,2) NOT NULL,
  `PaymentDate` date NOT NULL,
  PRIMARY KEY (`PaymentID`),
  KEY `OrderID` (`OrderID`),
  CONSTRAINT `payment_ibfk_1` FOREIGN KEY (`OrderID`) REFERENCES `order` (`OrderID`)
) ENGINE=InnoDB AUTO_INCREMENT=1001 DEFAULT CHARSET=utf8mb4 COLLATE=utf8mb4_0900_ai_ci;
/*!40101 SET character_set_client = @saved_cs_client */;

--
-- Dumping data for table `payment`
--

LOCK TABLES `payment` WRITE;
/*!40000 ALTER TABLE `payment` DISABLE KEYS */;
INSERT INTO `payment` VALUES (1,407,757.37,'2024-01-31'),(2,53,280.74,'2024-11-08'),(3,104,388.10,'2024-06-01'),(4,200,765.02,'2024-07-15'),(5,944,320.82,'2024-01-22'),(6,417,852.56,'2024-11-05'),(7,224,716.16,'2024-12-29'),(8,524,951.09,'2024-08-26'),(9,210,526.14,'2024-02-18'),(10,802,835.55,'2024-02-09'),(11,660,316.28,'2024-01-04'),(12,938,152.43,'2024-01-16'),(13,418,528.33,'2024-07-24'),(14,861,431.67,'2024-12-30'),(15,150,545.56,'2024-06-03'),(16,730,441.98,'2024-08-21'),(17,46,766.55,'2024-07-16'),(18,616,692.08,'2024-03-14'),(19,643,648.60,'2024-01-18'),(20,784,816.78,'2024-03-24'),(21,693,142.81,'2024-10-30'),(22,744,416.70,'2024-11-14'),(23,846,522.33,'2024-03-07'),(24,710,404.24,'2024-04-05'),(25,29,647.06,'2024-05-05'),(26,179,775.61,'2024-07-03'),(27,767,741.29,'2024-08-14'),(28,622,142.03,'2024-07-03'),(29,497,552.65,'2024-07-20'),(30,937,129.64,'2024-11-26'),(31,233,872.95,'2024-02-04'),(32,811,496.13,'2024-01-06'),(33,319,991.49,'2024-03-25'),(34,911,192.05,'2024-09-04'),(35,247,986.50,'2024-12-23'),(36,453,548.24,'2024-12-11'),(37,77,773.91,'2024-05-08'),(38,566,12.36,'2024-09-14'),(39,539,29.59,'2024-10-11'),(40,375,281.28,'2024-09-29'),(41,408,391.77,'2024-05-14'),(42,996,612.90,'2024-08-02'),(43,944,980.09,'2024-12-27'),(44,204,795.33,'2024-04-04'),(45,118,721.66,'2024-12-12'),(46,27,696.68,'2024-03-12'),(47,706,285.62,'2024-02-04'),(48,40,980.14,'2024-06-07'),(49,795,767.19,'2024-08-18'),(50,905,252.42,'2024-07-03'),(51,256,995.71,'2024-01-19'),(52,656,206.63,'2024-07-04'),(53,719,272.93,'2024-01-29'),(54,453,928.61,'2024-02-24'),(55,804,719.12,'2024-07-15'),(56,45,426.11,'2024-11-13'),(57,587,979.26,'2024-05-13'),(58,633,725.16,'2024-10-25'),(59,190,984.56,'2024-03-16'),(60,570,30.99,'2024-12-05'),(61,655,815.44,'2024-04-10'),(62,408,599.50,'2024-11-20'),(63,317,241.38,'2024-04-19'),(64,360,691.59,'2024-02-01'),(65,495,939.77,'2024-02-10'),(66,920,605.96,'2024-01-16'),(67,532,35.53,'2024-05-30'),(68,977,457.30,'2024-11-28'),(69,519,596.40,'2024-06-10'),(70,549,696.46,'2024-03-24'),(71,154,432.01,'2024-06-14'),(72,120,905.13,'2024-03-02'),(73,186,218.03,'2024-09-10'),(74,987,946.85,'2024-03-27'),(75,543,690.34,'2024-08-29'),(76,273,447.74,'2024-06-19'),(77,483,201.11,'2024-07-23'),(78,120,347.96,'2024-10-30'),(79,517,59.22,'2024-02-14'),(80,720,680.28,'2024-10-22'),(81,152,946.01,'2024-11-02'),(82,371,682.70,'2024-01-11'),(83,839,976.33,'2024-03-04'),(84,516,778.37,'2024-12-29'),(85,672,65.33,'2024-09-14'),(86,511,505.55,'2024-06-12'),(87,559,704.53,'2024-07-18'),(88,657,781.08,'2024-07-01'),(89,189,39.35,'2024-01-22'),(90,848,520.80,'2024-01-02'),(91,6,809.73,'2024-05-28'),(92,927,743.70,'2024-12-12'),(93,777,162.06,'2024-09-11'),(94,54,733.50,'2024-10-16'),(95,130,688.16,'2024-12-10'),(96,886,567.23,'2024-07-03'),(97,566,112.82,'2024-08-08'),(98,284,171.26,'2024-10-17'),(99,287,26.04,'2024-05-04'),(100,872,960.39,'2024-11-01'),(101,285,21.67,'2024-08-02'),(102,297,30.36,'2024-02-29'),(103,554,293.30,'2024-12-16'),(104,844,174.54,'2024-11-26'),(105,534,676.27,'2024-05-07'),(106,703,799.96,'2024-03-23'),(107,799,206.74,'2024-05-10'),(108,483,494.61,'2024-07-07'),(109,122,779.93,'2024-04-11'),(110,414,796.81,'2024-04-13'),(111,921,870.19,'2024-01-15'),(112,838,797.69,'2024-09-06'),(113,732,955.54,'2024-07-27'),(114,191,80.65,'2024-01-20'),(115,565,36.29,'2024-05-17'),(116,817,663.28,'2024-02-24'),(117,743,760.16,'2024-12-21'),(118,893,927.90,'2024-12-06'),(119,197,605.23,'2024-02-19'),(120,904,638.00,'2024-07-29'),(121,968,776.40,'2024-04-28'),(122,835,102.92,'2024-02-04'),(123,612,917.46,'2024-07-30'),(124,426,426.98,'2024-01-21'),(125,439,525.86,'2024-11-03'),(126,929,870.69,'2024-12-11'),(127,144,496.53,'2024-02-14'),(128,256,893.94,'2024-08-11'),(129,64,762.98,'2024-10-07'),(130,949,533.17,'2024-11-08'),(131,93,695.42,'2024-06-09'),(132,428,663.95,'2024-10-28'),(133,725,705.47,'2024-04-14'),(134,740,299.40,'2024-09-24'),(135,781,487.29,'2024-12-18'),(136,347,874.90,'2024-07-13'),(137,925,171.12,'2024-05-30'),(138,750,627.84,'2024-08-30'),(139,235,461.13,'2024-09-17'),(140,377,465.08,'2024-03-19'),(141,580,774.78,'2024-12-10'),(142,246,347.97,'2024-02-27'),(143,866,640.78,'2024-09-13'),(144,485,102.29,'2024-10-22'),(145,561,860.32,'2024-08-21'),(146,468,178.09,'2024-06-01'),(147,698,904.93,'2024-09-03'),(148,45,32.13,'2024-10-10'),(149,536,366.07,'2024-11-12'),(150,563,76.35,'2024-09-18'),(151,547,46.52,'2024-01-25'),(152,820,553.20,'2024-08-19'),(153,942,709.85,'2024-09-16'),(154,35,214.32,'2024-11-13'),(155,119,879.66,'2024-11-12'),(156,286,452.51,'2024-05-02'),(157,169,118.88,'2024-04-20'),(158,308,590.85,'2024-09-20'),(159,207,247.38,'2024-01-01'),(160,20,302.45,'2024-01-18'),(161,287,552.36,'2024-03-28'),(162,230,599.79,'2024-05-21'),(163,428,667.30,'2024-06-06'),(164,509,461.72,'2024-09-30'),(165,143,540.23,'2024-07-05'),(166,819,96.26,'2024-05-03'),(167,960,329.40,'2024-07-22'),(168,353,78.09,'2024-05-22'),(169,178,523.95,'2024-05-28'),(170,546,162.43,'2024-06-20'),(171,552,774.19,'2024-12-14'),(172,157,827.96,'2024-06-25'),(173,45,828.52,'2024-02-04'),(174,671,632.74,'2024-07-01'),(175,776,901.45,'2024-06-26'),(176,287,513.20,'2024-11-11'),(177,896,954.47,'2024-03-15'),(178,511,680.84,'2024-06-06'),(179,340,602.89,'2024-06-30'),(180,808,582.52,'2024-04-20'),(181,741,159.17,'2024-08-03'),(182,656,137.85,'2024-04-25'),(183,772,351.94,'2024-04-28'),(184,480,160.75,'2024-09-20'),(185,28,307.72,'2024-12-05'),(186,105,134.35,'2024-05-15'),(187,775,168.07,'2024-11-20'),(188,221,384.25,'2024-01-02'),(189,902,841.66,'2024-03-05'),(190,934,691.96,'2024-12-29'),(191,378,717.07,'2024-02-06'),(192,570,641.40,'2024-04-11'),(193,462,728.91,'2024-08-07'),(194,706,832.26,'2024-10-02'),(195,25,354.51,'2024-06-01'),(196,226,998.72,'2024-03-25'),(197,924,315.87,'2024-10-20'),(198,544,765.01,'2024-07-19'),(199,24,422.06,'2024-02-13'),(200,245,557.23,'2024-03-22'),(201,844,897.20,'2024-04-10'),(202,265,844.38,'2024-01-14'),(203,350,908.09,'2024-04-01'),(204,41,375.73,'2024-06-13'),(205,782,178.11,'2024-05-16'),(206,897,988.24,'2024-05-22'),(207,426,503.19,'2024-04-23'),(208,870,64.04,'2024-05-15'),(209,500,222.47,'2024-01-07'),(210,371,401.51,'2024-04-11'),(211,839,285.04,'2024-03-01'),(212,271,798.50,'2024-12-18'),(213,360,477.77,'2024-11-11'),(214,517,660.08,'2024-10-22'),(215,236,306.65,'2024-12-03'),(216,189,376.38,'2024-12-25'),(217,948,980.00,'2024-01-25'),(218,110,874.42,'2024-11-05'),(219,331,245.72,'2024-07-14'),(220,616,133.00,'2024-05-04'),(221,939,952.13,'2024-03-30'),(222,873,879.86,'2024-02-25'),(223,410,817.39,'2024-10-30'),(224,441,710.52,'2024-01-28'),(225,726,380.61,'2024-02-06'),(226,737,678.10,'2024-08-30'),(227,308,698.91,'2024-08-29'),(228,85,695.76,'2024-11-17'),(229,141,890.86,'2024-12-09'),(230,486,836.00,'2024-08-28'),(231,19,856.63,'2024-07-21'),(232,64,358.55,'2024-02-15'),(233,357,644.53,'2024-01-03'),(234,718,478.13,'2024-04-11'),(235,954,292.28,'2024-12-10'),(236,74,933.37,'2024-03-17'),(237,611,545.86,'2024-11-11'),(238,99,206.54,'2024-05-31'),(239,131,591.69,'2024-04-10'),(240,352,205.34,'2024-01-04'),(241,4,601.64,'2024-07-27'),(242,661,650.27,'2024-08-15'),(243,279,199.09,'2024-03-23'),(244,126,463.05,'2024-12-05'),(245,250,204.91,'2024-06-22'),(246,2,357.82,'2024-09-13'),(247,955,979.85,'2024-03-19'),(248,555,429.28,'2024-09-13'),(249,553,827.13,'2024-11-10'),(250,820,447.72,'2024-04-06'),(251,625,932.65,'2024-06-19'),(252,269,577.49,'2024-10-16'),(253,248,411.93,'2024-03-30'),(254,476,576.19,'2024-11-30'),(255,849,974.32,'2024-04-30'),(256,292,812.40,'2024-11-25'),(257,996,156.08,'2024-05-30'),(258,625,412.14,'2024-12-07'),(259,780,577.83,'2024-10-28'),(260,43,461.90,'2024-06-29'),(261,341,19.65,'2024-11-04'),(262,789,366.79,'2024-07-07'),(263,196,609.40,'2024-10-12'),(264,322,846.71,'2024-02-10'),(265,95,922.47,'2024-01-13'),(266,189,961.15,'2024-03-20'),(267,416,668.20,'2024-06-03'),(268,750,603.25,'2024-03-13'),(269,820,426.34,'2024-03-20'),(270,532,656.70,'2024-07-01'),(271,907,737.53,'2024-05-16'),(272,408,374.31,'2024-04-29'),(273,602,853.41,'2024-06-28'),(274,981,673.41,'2024-09-10'),(275,534,22.66,'2024-01-24'),(276,941,813.02,'2024-01-05'),(277,757,187.74,'2024-04-13'),(278,569,423.11,'2024-12-13'),(279,180,565.59,'2024-07-06'),(280,289,630.31,'2024-07-16'),(281,596,732.15,'2024-08-11'),(282,686,910.61,'2024-04-25'),(283,296,813.84,'2024-05-11'),(284,73,658.53,'2024-10-09'),(285,440,71.86,'2024-09-17'),(286,820,842.78,'2024-09-11'),(287,576,31.53,'2024-02-20'),(288,433,419.86,'2024-10-09'),(289,990,709.00,'2024-03-02'),(290,938,529.44,'2024-03-04'),(291,306,132.41,'2024-07-10'),(292,822,960.99,'2024-03-29'),(293,988,636.36,'2024-08-07'),(294,803,545.96,'2024-11-17'),(295,299,249.89,'2024-08-25'),(296,586,21.06,'2024-09-20'),(297,613,473.54,'2024-07-26'),(298,966,743.16,'2024-06-30'),(299,525,487.00,'2024-03-27'),(300,564,219.59,'2024-06-19'),(301,186,390.38,'2024-03-23'),(302,976,282.25,'2024-10-17'),(303,232,665.61,'2024-05-20'),(304,223,951.17,'2024-12-15'),(305,702,878.52,'2024-02-08'),(306,366,568.43,'2024-05-18'),(307,42,319.30,'2024-05-27'),(308,338,766.12,'2024-07-23'),(309,936,575.37,'2024-06-11'),(310,11,793.39,'2024-12-09'),(311,252,607.94,'2024-01-15'),(312,636,990.80,'2024-02-01'),(313,775,405.30,'2024-08-19'),(314,315,852.07,'2024-11-07'),(315,981,814.49,'2024-05-25'),(316,244,32.85,'2024-08-05'),(317,857,389.98,'2024-08-23'),(318,783,13.73,'2024-09-21'),(319,952,161.00,'2024-05-16'),(320,956,495.95,'2024-09-07'),(321,798,120.81,'2024-02-18'),(322,680,695.04,'2024-08-30'),(323,848,142.83,'2024-04-02'),(324,234,95.84,'2024-07-05'),(325,807,957.54,'2024-11-20'),(326,540,47.22,'2024-05-03'),(327,874,10.49,'2024-04-26'),(328,919,609.31,'2024-07-02'),(329,748,435.50,'2024-12-19'),(330,71,48.54,'2024-10-12'),(331,488,869.84,'2024-05-06'),(332,140,833.36,'2024-07-28'),(333,335,709.72,'2024-09-05'),(334,791,901.08,'2024-07-13'),(335,213,159.05,'2024-05-30'),(336,474,44.87,'2024-01-07'),(337,574,970.16,'2024-01-24'),(338,321,911.03,'2024-10-13'),(339,193,668.80,'2024-04-05'),(340,922,698.57,'2024-11-17'),(341,296,523.56,'2024-01-09'),(342,99,198.49,'2024-07-10'),(343,869,812.25,'2024-04-22'),(344,305,251.64,'2024-05-21'),(345,844,311.02,'2024-05-24'),(346,204,805.10,'2024-02-13'),(347,75,896.75,'2024-04-09'),(348,167,83.05,'2024-05-16'),(349,433,841.06,'2024-04-08'),(350,687,700.07,'2024-06-20'),(351,121,557.37,'2024-07-08'),(352,706,878.14,'2024-07-31'),(353,86,657.21,'2024-12-30'),(354,605,315.27,'2024-04-14'),(355,786,171.97,'2024-09-26'),(356,688,274.09,'2024-11-29'),(357,777,838.78,'2024-06-08'),(358,423,426.36,'2024-08-24'),(359,972,601.22,'2024-12-06'),(360,117,216.97,'2024-09-09'),(361,881,657.52,'2024-02-18'),(362,828,575.36,'2024-11-11'),(363,519,495.51,'2024-07-25'),(364,245,895.82,'2024-11-04'),(365,720,498.46,'2024-04-14'),(366,471,48.60,'2024-08-21'),(367,734,202.08,'2024-07-22'),(368,982,336.52,'2024-09-01'),(369,493,901.41,'2024-07-22'),(370,361,417.39,'2024-12-25'),(371,955,159.13,'2024-01-03'),(372,475,213.89,'2024-02-20'),(373,551,48.03,'2024-02-21'),(374,214,187.15,'2024-02-24'),(375,449,252.44,'2024-05-13'),(376,944,334.75,'2024-04-23'),(377,756,159.89,'2024-01-08'),(378,83,64.39,'2024-11-03'),(379,452,968.90,'2024-12-08'),(380,64,126.23,'2024-03-31'),(381,388,465.96,'2024-12-10'),(382,308,615.35,'2024-02-24'),(383,618,557.23,'2024-12-21'),(384,696,578.06,'2024-03-11'),(385,782,224.73,'2024-11-30'),(386,652,342.52,'2024-10-27'),(387,588,871.18,'2024-07-28'),(388,213,195.95,'2024-01-17'),(389,585,106.75,'2024-09-07'),(390,386,234.31,'2024-05-15'),(391,938,895.87,'2024-12-27'),(392,96,59.42,'2024-05-21'),(393,482,541.41,'2024-02-03'),(394,730,172.54,'2024-07-14'),(395,47,554.28,'2024-08-30'),(396,836,749.84,'2024-09-04'),(397,739,921.55,'2024-09-28'),(398,640,716.20,'2024-12-14'),(399,631,215.93,'2024-04-14'),(400,409,894.62,'2024-02-04'),(401,589,973.23,'2024-12-25'),(402,120,252.41,'2024-10-10'),(403,172,530.35,'2024-04-29'),(404,325,456.20,'2024-02-15'),(405,157,951.69,'2024-11-14'),(406,408,91.53,'2024-08-12'),(407,385,34.36,'2024-04-15'),(408,922,986.86,'2024-11-16'),(409,290,665.06,'2024-08-27'),(410,643,325.12,'2024-10-12'),(411,343,589.27,'2024-01-10'),(412,997,735.47,'2024-01-02'),(413,464,583.81,'2024-07-27'),(414,646,429.68,'2024-05-25'),(415,551,353.26,'2024-02-18'),(416,67,475.21,'2024-11-19'),(417,450,162.58,'2024-07-18'),(418,369,814.95,'2024-01-05'),(419,796,275.81,'2024-02-19'),(420,434,970.71,'2024-05-01'),(421,227,403.47,'2024-07-14'),(422,682,865.59,'2024-07-23'),(423,635,916.83,'2024-12-15'),(424,526,214.63,'2024-12-26'),(425,576,328.21,'2024-04-10'),(426,102,786.72,'2024-04-29'),(427,800,794.83,'2024-12-03'),(428,149,545.87,'2024-02-24'),(429,279,102.44,'2024-09-07'),(430,402,911.55,'2024-10-15'),(431,866,64.90,'2024-12-28'),(432,849,703.34,'2024-12-16'),(433,471,592.78,'2024-04-04'),(434,882,348.90,'2024-04-15'),(435,62,463.72,'2024-09-07'),(436,846,157.85,'2024-08-25'),(437,758,699.98,'2024-11-20'),(438,853,231.18,'2024-07-24'),(439,657,399.13,'2024-11-21'),(440,213,964.13,'2024-04-04'),(441,686,846.37,'2024-01-12'),(442,207,528.91,'2024-11-03'),(443,250,641.53,'2024-09-08'),(444,392,157.22,'2024-10-22'),(445,164,858.98,'2024-11-21'),(446,571,507.16,'2024-08-16'),(447,752,659.37,'2024-06-05'),(448,482,690.85,'2024-06-11'),(449,772,15.38,'2024-03-31'),(450,798,667.50,'2024-06-07'),(451,763,368.29,'2024-09-11'),(452,587,377.54,'2024-04-17'),(453,367,51.63,'2024-12-29'),(454,456,673.43,'2024-09-10'),(455,777,963.26,'2024-03-23'),(456,400,584.31,'2024-01-27'),(457,287,429.19,'2024-06-10'),(458,88,926.73,'2024-11-01'),(459,671,659.82,'2024-11-08'),(460,56,101.87,'2024-11-20'),(461,161,14.42,'2024-10-09'),(462,445,911.14,'2024-06-15'),(463,538,441.18,'2024-02-08'),(464,30,605.59,'2024-09-17'),(465,42,387.14,'2024-01-04'),(466,401,813.01,'2024-09-18'),(467,287,257.98,'2024-01-13'),(468,301,272.26,'2024-06-23'),(469,597,499.95,'2024-11-03'),(470,954,476.22,'2024-02-26'),(471,839,714.53,'2024-03-22'),(472,692,402.30,'2024-09-18'),(473,494,150.19,'2024-08-16'),(474,800,848.10,'2024-08-16'),(475,863,165.24,'2024-09-20'),(476,803,35.25,'2024-09-15'),(477,357,995.11,'2024-08-18'),(478,548,711.08,'2024-08-26'),(479,891,29.21,'2024-07-19'),(480,421,150.88,'2024-08-20'),(481,934,408.59,'2024-10-24'),(482,417,13.02,'2024-11-13'),(483,445,234.57,'2024-01-02'),(484,4,565.71,'2024-07-07'),(485,866,25.79,'2024-05-14'),(486,95,362.29,'2024-08-18'),(487,147,873.26,'2024-09-15'),(488,696,68.81,'2024-09-08'),(489,815,826.96,'2024-03-01'),(490,732,27.81,'2024-11-16'),(491,146,415.45,'2024-10-02'),(492,283,145.60,'2024-06-27'),(493,978,237.56,'2024-04-30'),(494,383,250.35,'2024-04-04'),(495,518,358.38,'2024-09-16'),(496,636,306.37,'2024-09-03'),(497,400,694.94,'2024-04-25'),(498,646,255.30,'2024-05-15'),(499,436,886.58,'2024-07-21'),(500,114,751.83,'2024-07-05'),(501,710,780.02,'2024-10-06'),(502,325,190.27,'2024-06-16'),(503,910,303.47,'2024-02-14'),(504,354,578.79,'2024-12-16'),(505,339,133.88,'2024-08-13'),(506,478,196.13,'2024-02-19'),(507,951,927.99,'2024-08-13'),(508,367,340.59,'2024-10-31'),(509,455,920.12,'2024-07-14'),(510,736,731.30,'2024-08-09'),(511,465,261.60,'2024-03-23'),(512,894,673.24,'2024-01-25'),(513,568,754.01,'2024-06-27'),(514,23,351.23,'2024-06-13'),(515,594,148.02,'2024-04-16'),(516,779,126.85,'2024-01-24'),(517,159,431.34,'2024-04-07'),(518,567,732.71,'2024-05-01'),(519,210,338.23,'2024-05-21'),(520,415,361.50,'2024-07-22'),(521,907,245.19,'2024-01-24'),(522,698,135.57,'2024-09-02'),(523,996,71.73,'2024-06-05'),(524,497,864.32,'2024-11-04'),(525,252,444.11,'2024-12-22'),(526,215,863.95,'2024-10-18'),(527,12,110.18,'2024-09-28'),(528,18,33.21,'2024-12-05'),(529,136,599.02,'2024-03-23'),(530,312,782.56,'2024-03-08'),(531,971,858.01,'2024-01-06'),(532,553,355.74,'2024-09-11'),(533,568,464.40,'2024-10-23'),(534,576,200.63,'2024-05-24'),(535,354,678.99,'2024-02-18'),(536,495,868.98,'2024-02-18'),(537,1000,417.66,'2024-09-08'),(538,862,778.35,'2024-11-04'),(539,652,453.10,'2024-01-04'),(540,288,677.27,'2024-02-04'),(541,359,600.45,'2024-10-27'),(542,437,897.99,'2024-09-15'),(543,702,218.54,'2024-05-05'),(544,61,165.16,'2024-03-13'),(545,187,591.97,'2024-05-20'),(546,731,344.51,'2024-06-21'),(547,834,557.43,'2024-06-07'),(548,572,357.49,'2024-10-24'),(549,141,744.26,'2024-06-01'),(550,274,425.92,'2024-04-27'),(551,150,726.22,'2024-06-19'),(552,181,304.35,'2024-04-16'),(553,397,183.63,'2024-07-04'),(554,698,667.69,'2024-02-28'),(555,190,679.70,'2024-06-23'),(556,546,595.20,'2024-02-29'),(557,96,813.97,'2024-02-22'),(558,705,423.40,'2024-04-21'),(559,20,612.10,'2024-12-28'),(560,58,539.42,'2024-04-11'),(561,282,243.13,'2024-03-15'),(562,798,789.36,'2024-04-17'),(563,101,58.55,'2024-06-18'),(564,237,254.98,'2024-09-08'),(565,533,186.59,'2024-02-12'),(566,735,690.16,'2024-05-17'),(567,7,363.24,'2024-05-07'),(568,80,400.11,'2024-10-15'),(569,28,100.72,'2024-07-29'),(570,461,505.89,'2024-04-27'),(571,668,148.40,'2024-06-30'),(572,189,555.98,'2024-10-22'),(573,251,368.02,'2024-12-26'),(574,417,117.51,'2024-06-21'),(575,601,904.43,'2024-10-17'),(576,451,448.67,'2024-09-29'),(577,6,395.18,'2024-09-17'),(578,54,49.39,'2024-12-22'),(579,431,654.65,'2024-03-27'),(580,542,872.29,'2024-07-05'),(581,777,590.04,'2024-02-05'),(582,714,446.79,'2024-12-25'),(583,199,482.07,'2024-05-08'),(584,759,106.78,'2024-03-26'),(585,292,938.08,'2024-07-08'),(586,449,409.96,'2024-01-30'),(587,60,244.74,'2024-11-12'),(588,729,291.04,'2024-08-08'),(589,146,314.52,'2024-03-06'),(590,785,952.17,'2024-10-15'),(591,786,437.97,'2024-09-04'),(592,163,25.78,'2024-09-09'),(593,666,947.85,'2024-07-12'),(594,604,323.69,'2024-12-28'),(595,232,375.21,'2024-01-09'),(596,815,323.16,'2024-04-25'),(597,150,955.41,'2024-01-07'),(598,804,710.52,'2024-06-20'),(599,92,282.64,'2024-06-19'),(600,646,59.86,'2024-10-25'),(601,568,281.34,'2024-08-06'),(602,506,123.57,'2024-07-29'),(603,818,612.55,'2024-11-28'),(604,353,73.00,'2024-06-24'),(605,249,351.24,'2024-11-12'),(606,474,874.54,'2024-06-15'),(607,362,503.66,'2024-07-28'),(608,123,361.12,'2024-06-20'),(609,816,341.78,'2024-01-20'),(610,285,302.16,'2024-01-25'),(611,770,525.47,'2024-11-15'),(612,148,123.20,'2024-12-27'),(613,306,194.44,'2024-06-19'),(614,555,966.58,'2024-05-14'),(615,95,382.83,'2024-05-26'),(616,566,426.94,'2024-11-07'),(617,409,187.14,'2024-03-18'),(618,700,778.73,'2024-06-23'),(619,681,520.01,'2024-05-30'),(620,497,634.14,'2024-12-14'),(621,811,363.27,'2024-09-20'),(622,278,850.86,'2024-07-02'),(623,53,230.82,'2024-03-05'),(624,567,667.14,'2024-07-06'),(625,72,116.55,'2024-05-24'),(626,329,361.01,'2024-12-09'),(627,625,133.27,'2024-03-28'),(628,971,130.27,'2024-11-24'),(629,734,413.69,'2024-12-22'),(630,1000,896.49,'2024-01-24'),(631,457,376.81,'2024-11-07'),(632,374,147.89,'2024-09-03'),(633,281,510.60,'2024-06-13'),(634,358,24.92,'2024-05-29'),(635,611,853.60,'2024-11-30'),(636,861,938.20,'2024-10-07'),(637,207,99.25,'2024-12-06'),(638,374,41.66,'2024-05-18'),(639,820,907.00,'2024-08-23'),(640,590,592.15,'2024-09-02'),(641,398,19.22,'2024-11-12'),(642,604,782.62,'2024-04-23'),(643,465,696.92,'2024-08-02'),(644,758,123.48,'2024-06-10'),(645,103,583.23,'2024-11-24'),(646,595,538.65,'2024-05-23'),(647,698,974.31,'2024-04-01'),(648,974,756.07,'2024-11-26'),(649,881,613.59,'2024-07-01'),(650,449,23.96,'2024-11-22'),(651,986,883.48,'2024-05-02'),(652,318,451.62,'2024-07-18'),(653,119,28.12,'2024-03-03'),(654,388,35.36,'2024-01-17'),(655,952,166.64,'2024-10-28'),(656,157,789.64,'2024-04-16'),(657,366,660.85,'2024-08-30'),(658,994,749.91,'2024-08-10'),(659,384,492.77,'2024-06-22'),(660,984,587.21,'2024-12-29'),(661,701,21.73,'2024-11-29'),(662,723,311.78,'2024-09-17'),(663,470,641.73,'2024-04-20'),(664,929,220.63,'2024-02-28'),(665,830,732.16,'2024-05-25'),(666,180,740.14,'2024-04-13'),(667,723,704.58,'2024-01-16'),(668,186,904.17,'2024-04-12'),(669,680,326.36,'2024-02-25'),(670,603,102.80,'2024-11-08'),(671,454,910.72,'2024-06-05'),(672,20,801.93,'2024-10-14'),(673,382,489.30,'2024-01-22'),(674,758,544.60,'2024-08-31'),(675,312,93.18,'2024-10-12'),(676,377,664.97,'2024-08-19'),(677,95,524.56,'2024-08-11'),(678,4,105.10,'2024-06-08'),(679,573,559.28,'2024-05-22'),(680,428,632.97,'2024-04-19'),(681,63,73.08,'2024-10-05'),(682,125,257.15,'2024-12-27'),(683,621,946.59,'2024-09-03'),(684,936,983.94,'2024-09-23'),(685,686,34.55,'2024-03-05'),(686,630,559.15,'2024-10-01'),(687,958,510.57,'2024-05-22'),(688,435,555.35,'2024-08-07'),(689,71,637.48,'2024-05-22'),(690,435,440.20,'2024-10-04'),(691,795,169.47,'2024-02-27'),(692,248,987.20,'2024-01-13'),(693,254,403.83,'2024-01-13'),(694,130,788.06,'2024-05-10'),(695,28,254.73,'2024-03-20'),(696,576,37.03,'2024-07-08'),(697,640,712.06,'2024-02-16'),(698,651,44.08,'2024-06-24'),(699,435,343.54,'2024-06-24'),(700,918,196.90,'2024-10-17'),(701,962,875.20,'2024-09-23'),(702,377,499.67,'2024-07-23'),(703,394,288.95,'2024-06-04'),(704,535,890.06,'2024-07-08'),(705,922,607.81,'2024-07-26'),(706,465,270.22,'2024-03-14'),(707,543,972.54,'2024-03-17'),(708,480,65.67,'2024-03-07'),(709,22,453.82,'2024-11-26'),(710,247,598.36,'2024-04-10'),(711,758,887.94,'2024-04-07'),(712,963,791.64,'2024-07-30'),(713,642,190.20,'2024-01-12'),(714,966,601.42,'2024-06-01'),(715,203,886.55,'2024-07-04'),(716,957,970.98,'2024-04-16'),(717,649,507.23,'2024-07-24'),(718,105,396.00,'2024-07-24'),(719,422,708.92,'2024-04-07'),(720,464,228.75,'2024-03-30'),(721,899,940.07,'2024-11-29'),(722,40,903.87,'2024-07-31'),(723,436,415.12,'2024-04-11'),(724,857,11.07,'2024-03-10'),(725,805,154.33,'2024-09-07'),(726,123,600.57,'2024-10-20'),(727,137,725.83,'2024-07-29'),(728,94,652.05,'2024-06-18'),(729,749,318.57,'2024-03-01'),(730,55,113.05,'2024-07-14'),(731,1,213.13,'2024-07-23'),(732,577,297.65,'2024-08-23'),(733,761,156.92,'2024-11-13'),(734,590,702.92,'2024-10-28'),(735,441,864.02,'2024-09-07'),(736,130,89.12,'2024-01-22'),(737,796,536.03,'2024-05-19'),(738,784,856.48,'2024-10-11'),(739,402,139.25,'2024-12-21'),(740,811,479.41,'2024-07-06'),(741,96,69.54,'2024-03-12'),(742,364,415.47,'2024-01-23'),(743,638,12.09,'2024-03-26'),(744,892,442.84,'2024-10-02'),(745,285,283.16,'2024-07-14'),(746,435,73.35,'2024-12-03'),(747,753,352.85,'2024-02-15'),(748,303,709.85,'2024-09-15'),(749,639,81.52,'2024-12-12'),(750,537,448.11,'2024-06-03'),(751,295,809.12,'2024-11-25'),(752,934,918.88,'2024-02-16'),(753,928,202.74,'2024-03-28'),(754,686,794.87,'2024-05-16'),(755,699,882.84,'2024-03-11'),(756,319,707.11,'2024-05-30'),(757,222,47.97,'2024-10-09'),(758,748,99.48,'2024-01-01'),(759,212,998.90,'2024-12-10'),(760,143,145.81,'2024-12-24'),(761,625,935.34,'2024-04-10'),(762,188,814.43,'2024-07-11'),(763,136,968.42,'2024-02-28'),(764,226,544.71,'2024-04-06'),(765,344,642.13,'2024-08-13'),(766,269,417.60,'2024-07-05'),(767,869,285.05,'2024-11-05'),(768,203,553.03,'2024-12-23'),(769,939,925.24,'2024-06-02'),(770,774,95.35,'2024-05-26'),(771,699,234.16,'2024-07-19'),(772,535,635.32,'2024-02-25'),(773,502,550.25,'2024-05-03'),(774,806,482.36,'2024-02-01'),(775,665,127.16,'2024-02-24'),(776,335,559.32,'2024-11-09'),(777,428,518.35,'2024-05-21'),(778,567,897.98,'2024-08-07'),(779,834,711.05,'2024-11-10'),(780,418,838.27,'2024-07-20'),(781,273,510.65,'2024-11-29'),(782,604,556.43,'2024-02-02'),(783,92,155.50,'2024-11-26'),(784,337,935.55,'2024-12-02'),(785,267,372.11,'2024-11-12'),(786,663,807.27,'2024-05-28'),(787,31,448.66,'2024-05-17'),(788,7,951.58,'2024-04-29'),(789,774,346.02,'2024-02-25'),(790,238,268.00,'2024-06-25'),(791,236,539.55,'2024-10-24'),(792,732,24.91,'2024-06-04'),(793,515,524.74,'2024-04-28'),(794,836,248.90,'2024-01-10'),(795,215,105.22,'2024-09-11'),(796,982,521.70,'2024-05-31'),(797,440,450.00,'2024-05-04'),(798,573,722.49,'2024-11-14'),(799,598,483.34,'2024-06-07'),(800,123,580.45,'2024-11-25'),(801,206,96.15,'2024-10-14'),(802,66,242.41,'2024-12-07'),(803,858,848.69,'2024-10-02'),(804,254,226.79,'2024-01-08'),(805,67,702.14,'2024-02-19'),(806,141,956.52,'2024-07-20'),(807,299,134.12,'2024-11-09'),(808,145,399.45,'2024-09-15'),(809,500,582.50,'2024-09-24'),(810,866,877.00,'2024-08-06'),(811,291,870.46,'2024-10-01'),(812,167,138.75,'2024-04-09'),(813,989,172.75,'2024-11-07'),(814,322,391.17,'2024-01-28'),(815,481,166.89,'2024-12-04'),(816,403,14.04,'2024-05-14'),(817,155,376.89,'2024-04-18'),(818,251,401.48,'2024-04-25'),(819,962,610.37,'2024-05-14'),(820,846,160.11,'2024-12-27'),(821,423,777.66,'2024-08-17'),(822,933,542.89,'2024-02-26'),(823,523,532.85,'2024-02-11'),(824,843,701.90,'2024-03-28'),(825,601,983.53,'2024-05-21'),(826,310,424.81,'2024-10-19'),(827,939,207.44,'2024-07-05'),(828,971,408.16,'2024-03-15'),(829,657,655.61,'2024-03-11'),(830,138,116.17,'2024-07-11'),(831,699,267.19,'2024-01-09'),(832,238,342.24,'2024-09-04'),(833,158,628.63,'2024-07-22'),(834,665,546.32,'2024-03-11'),(835,409,374.92,'2024-02-20'),(836,160,94.13,'2024-08-21'),(837,262,451.92,'2024-09-11'),(838,464,791.63,'2024-01-09'),(839,306,668.88,'2024-01-23'),(840,795,694.36,'2024-03-04'),(841,691,182.06,'2024-03-13'),(842,407,264.91,'2024-01-28'),(843,518,555.14,'2024-12-25'),(844,140,245.08,'2024-02-21'),(845,110,766.32,'2024-12-29'),(846,282,106.10,'2024-04-16'),(847,918,336.02,'2024-05-05'),(848,49,833.50,'2024-11-14'),(849,376,685.96,'2024-08-26'),(850,573,125.40,'2024-12-11'),(851,975,431.14,'2024-08-30'),(852,741,709.58,'2024-04-18'),(853,54,108.35,'2024-06-20'),(854,598,72.90,'2024-11-26'),(855,247,982.15,'2024-10-14'),(856,3,962.07,'2024-08-02'),(857,965,934.59,'2024-06-22'),(858,706,311.73,'2024-06-24'),(859,628,501.09,'2024-05-21'),(860,860,667.12,'2024-10-06'),(861,345,886.83,'2024-03-22'),(862,862,80.31,'2024-05-10'),(863,534,238.20,'2024-06-04'),(864,944,732.90,'2024-02-19'),(865,305,533.80,'2024-02-01'),(866,182,552.70,'2024-02-25'),(867,494,500.80,'2024-07-04'),(868,14,442.99,'2024-08-02'),(869,314,782.29,'2024-06-29'),(870,168,575.83,'2024-06-16'),(871,366,784.18,'2024-04-07'),(872,829,301.47,'2024-08-15'),(873,370,889.24,'2024-01-04'),(874,749,776.76,'2024-08-23'),(875,167,624.61,'2024-05-11'),(876,466,520.81,'2024-10-29'),(877,817,547.92,'2024-03-21'),(878,974,910.50,'2024-02-17'),(879,955,912.69,'2024-01-01'),(880,67,432.36,'2024-10-06'),(881,663,149.16,'2024-08-07'),(882,712,147.43,'2024-05-23'),(883,177,810.95,'2024-04-27'),(884,641,108.07,'2024-08-15'),(885,730,198.90,'2024-09-19'),(886,330,160.73,'2024-10-12'),(887,287,597.18,'2024-05-30'),(888,200,638.42,'2024-05-14'),(889,247,934.11,'2024-03-03'),(890,259,189.08,'2024-10-11'),(891,554,110.02,'2024-09-19'),(892,934,955.19,'2024-02-17'),(893,9,140.03,'2024-02-20'),(894,21,312.51,'2024-01-10'),(895,379,326.11,'2024-03-24'),(896,692,558.91,'2024-01-29'),(897,53,270.90,'2024-04-07'),(898,38,264.92,'2024-05-06'),(899,407,338.04,'2024-12-26'),(900,103,545.29,'2024-12-18'),(901,80,908.89,'2024-05-14'),(902,187,411.34,'2024-12-12'),(903,571,663.78,'2024-10-20'),(904,626,986.41,'2024-09-25'),(905,909,837.60,'2024-05-02'),(906,223,963.00,'2024-02-22'),(907,176,789.43,'2024-04-22'),(908,347,419.32,'2024-02-17'),(909,355,351.88,'2024-11-09'),(910,835,729.67,'2024-10-01'),(911,313,593.00,'2024-12-14'),(912,131,648.79,'2024-09-07'),(913,432,686.32,'2024-12-19'),(914,519,111.65,'2024-12-20'),(915,450,467.90,'2024-06-02'),(916,708,27.41,'2024-04-15'),(917,793,326.76,'2024-11-21'),(918,411,641.18,'2024-12-24'),(919,927,418.94,'2024-07-28'),(920,236,37.84,'2024-08-04'),(921,48,67.57,'2024-10-26'),(922,804,716.42,'2024-10-06'),(923,430,276.75,'2024-03-03'),(924,610,899.51,'2024-09-10'),(925,34,979.92,'2024-11-11'),(926,98,427.10,'2024-09-25'),(927,626,963.52,'2024-10-07'),(928,992,268.78,'2024-09-03'),(929,805,858.86,'2024-08-05'),(930,270,477.53,'2024-04-11'),(931,568,507.25,'2024-09-25'),(932,22,136.39,'2024-05-31'),(933,820,304.61,'2024-11-27'),(934,982,223.68,'2024-03-09'),(935,517,491.92,'2024-07-26'),(936,367,191.59,'2024-09-02'),(937,34,203.86,'2024-10-17'),(938,875,475.94,'2024-07-13'),(939,937,985.17,'2024-02-07'),(940,777,786.45,'2024-11-05'),(941,167,632.55,'2024-10-18'),(942,277,905.97,'2024-12-04'),(943,301,98.52,'2024-10-25'),(944,861,387.23,'2024-01-20'),(945,676,783.81,'2024-09-10'),(946,524,872.59,'2024-09-16'),(947,4,25.51,'2024-11-05'),(948,870,867.44,'2024-10-16'),(949,482,569.11,'2024-05-20'),(950,359,760.02,'2024-06-07'),(951,170,458.70,'2024-08-25'),(952,616,948.31,'2024-12-03'),(953,569,805.00,'2024-05-22'),(954,453,568.12,'2024-06-15'),(955,216,886.25,'2024-11-02'),(956,143,172.77,'2024-04-14'),(957,61,951.29,'2024-08-21'),(958,228,324.29,'2024-09-19'),(959,117,116.14,'2024-02-14'),(960,147,186.45,'2024-09-24'),(961,55,201.28,'2024-12-09'),(962,128,221.74,'2024-11-05'),(963,986,308.62,'2024-10-30'),(964,442,934.07,'2024-10-04'),(965,883,427.16,'2024-03-30'),(966,281,933.60,'2024-04-05'),(967,933,764.01,'2024-11-27'),(968,198,232.33,'2024-06-19'),(969,520,523.65,'2024-03-28'),(970,786,440.56,'2024-09-03'),(971,831,203.31,'2024-10-12'),(972,698,289.22,'2024-01-18'),(973,371,999.36,'2024-02-05'),(974,665,608.36,'2024-01-20'),(975,544,48.73,'2024-05-10'),(976,213,621.73,'2024-04-14'),(977,680,212.17,'2024-03-01'),(978,747,727.56,'2024-03-12'),(979,221,315.62,'2024-03-13'),(980,668,913.60,'2024-07-07'),(981,953,314.90,'2024-01-28'),(982,102,307.66,'2024-10-19'),(983,323,176.91,'2024-09-20'),(984,83,189.54,'2024-08-16'),(985,900,539.35,'2024-08-07'),(986,807,815.71,'2024-11-03'),(987,521,586.64,'2024-02-24'),(988,881,640.70,'2024-08-08'),(989,102,714.68,'2024-06-06'),(990,151,691.27,'2024-06-25'),(991,52,105.10,'2024-02-14'),(992,189,374.20,'2024-11-27'),(993,266,331.37,'2024-02-06'),(994,347,765.35,'2024-06-14'),(995,945,434.89,'2024-06-02'),(996,152,493.54,'2024-05-26'),(997,206,727.69,'2024-12-06'),(998,454,777.35,'2024-03-10'),(999,416,745.40,'2024-05-23'),(1000,378,845.63,'2024-05-09');
/*!40000 ALTER TABLE `payment` ENABLE KEYS */;
UNLOCK TABLES;

--
-- Table structure for table `product`
--

DROP TABLE IF EXISTS `product`;
/*!40101 SET @saved_cs_client     = @@character_set_client */;
/*!50503 SET character_set_client = utf8mb4 */;
CREATE TABLE `product` (
  `ProductID` int NOT NULL AUTO_INCREMENT,
  `Name` varchar(100) NOT NULL,
  `Price` decimal(10,2) DEFAULT NULL,
  `Category` varchar(50) DEFAULT NULL,
  PRIMARY KEY (`ProductID`)
) ENGINE=InnoDB AUTO_INCREMENT=101 DEFAULT CHARSET=utf8mb4 COLLATE=utf8mb4_0900_ai_ci;
/*!40101 SET character_set_client = @saved_cs_client */;

--
-- Dumping data for table `product`
--

LOCK TABLES `product` WRITE;
/*!40000 ALTER TABLE `product` DISABLE KEYS */;
INSERT INTO `product` VALUES (1,'Gold Necklace',209.99,'Necklace'),(2,'Silver Bracelet',104.99,'Bracelet'),(3,'Diamond Ring',524.99,'Ring'),(4,'Diamond Ring',414.12,'Ring'),(5,'Diamond Ring',134.19,'Necklace'),(6,'Crystal Pendant Handmade Bracelet Platinum Ring',334.65,'Earrings'),(7,'Silver Necklace',164.77,'Earrings'),(8,'Gold Necklace',119.14,'Necklace'),(9,'Diamond Ring',379.91,'Earrings'),(10,'Diamond Ring',261.47,'Earrings'),(11,'Diamond Ring',453.83,'Ring'),(12,'Crystal Pendant Handmade Bracelet Platinum Ring',364.81,'Bracelet'),(13,'Diamond Ring',20.45,'Ring'),(14,'Gold Necklace',463.76,'Bracelet'),(15,'Gold Necklace',50.62,'Earrings'),(16,'Gemstone Earrings',59.09,'Necklace'),(17,'Silver Necklace',150.64,'Ring'),(18,'Crystal Pendant Handmade Bracelet Platinum Ring',228.61,'Pendant'),(19,'Diamond Ring',427.43,'Ring'),(20,'Gold Necklace',389.93,'Necklace'),(21,'Diamond Ring',313.76,'Pendant'),(22,'Gemstone Earrings',314.76,'Ring'),(23,'Gemstone Earrings',408.72,'Bracelet'),(24,'Gold Necklace',403.01,'Earrings'),(25,'Diamond Ring',343.29,'Ring'),(26,'Diamond Ring',270.41,'Bracelet'),(27,'Gold Necklace',290.48,'Ring'),(28,'Pearl Bracelet',310.65,'Ring'),(29,'Diamond Ring',377.67,'Bracelet'),(30,'Pearl Bracelet',516.66,'Pendant'),(31,'Pearl Bracelet',300.78,'Pendant'),(32,'Crystal Pendant Handmade Bracelet Platinum Ring',149.89,'Earrings'),(33,'Crystal Pendant Handmade Bracelet Platinum Ring',287.79,'Necklace'),(34,'Gemstone Earrings',481.18,'Necklace'),(35,'Pearl Bracelet',212.05,'Necklace'),(36,'Gold Necklace',177.07,'Necklace'),(37,'Pearl Bracelet',283.71,'Bracelet'),(38,'Gemstone Earrings',184.80,'Pendant'),(39,'Silver Necklace',291.26,'Necklace'),(40,'Silver Necklace',386.01,'Bracelet'),(41,'Silver Necklace',361.76,'Pendant'),(42,'Gemstone Earrings',79.25,'Necklace'),(43,'Pearl Bracelet',122.79,'Necklace'),(44,'Gold Necklace',492.41,'Ring'),(45,'Silver Necklace',226.35,'Earrings'),(46,'Crystal Pendant Handmade Bracelet Platinum Ring',46.43,'Ring'),(47,'Crystal Pendant Handmade Bracelet Platinum Ring',297.63,'Pendant'),(48,'Diamond Ring',472.29,'Pendant'),(49,'Crystal Pendant Handmade Bracelet Platinum Ring',111.00,'Bracelet'),(50,'Gold Necklace',408.49,'Earrings'),(51,'Crystal Pendant Handmade Bracelet Platinum Ring',212.53,'Necklace'),(52,'Silver Necklace',15.50,'Necklace'),(53,'Gold Necklace',129.58,'Bracelet'),(54,'Gold Necklace',504.24,'Pendant'),(55,'Gold Necklace',41.62,'Necklace'),(56,'Gemstone Earrings',253.14,'Pendant'),(57,'Pearl Bracelet',50.99,'Necklace'),(58,'Gold Necklace',113.74,'Ring'),(59,'Gemstone Earrings',267.55,'Pendant'),(60,'Silver Necklace',373.88,'Ring'),(61,'Gemstone Earrings',238.11,'Bracelet'),(62,'Silver Necklace',240.78,'Ring'),(63,'Silver Necklace',43.40,'Bracelet'),(64,'Gemstone Earrings',262.24,'Ring'),(65,'Pearl Bracelet',350.43,'Bracelet'),(66,'Diamond Ring',158.55,'Pendant'),(67,'Diamond Ring',41.17,'Pendant'),(68,'Silver Necklace',48.99,'Bracelet'),(69,'Gemstone Earrings',270.00,'Ring'),(70,'Pearl Bracelet',246.49,'Ring'),(71,'Gold Necklace',455.01,'Earrings'),(72,'Gemstone Earrings',337.17,'Necklace'),(73,'Crystal Pendant Handmade Bracelet Platinum Ring',425.26,'Earrings'),(74,'Gemstone Earrings',371.08,'Necklace'),(75,'Silver Necklace',35.16,'Bracelet'),(76,'Diamond Ring',214.79,'Pendant'),(77,'Gold Necklace',94.50,'Pendant'),(78,'Gemstone Earrings',55.05,'Necklace'),(79,'Crystal Pendant Handmade Bracelet Platinum Ring',264.37,'Earrings'),(80,'Diamond Ring',299.91,'Bracelet'),(81,'Silver Necklace',150.82,'Earrings'),(82,'Silver Necklace',262.17,'Bracelet'),(83,'Diamond Ring',165.05,'Earrings'),(84,'Crystal Pendant Handmade Bracelet Platinum Ring',390.34,'Necklace'),(85,'Gemstone Earrings',333.38,'Bracelet'),(86,'Diamond Ring',245.10,'Earrings'),(87,'Crystal Pendant Handmade Bracelet Platinum Ring',515.03,'Ring'),(88,'Gemstone Earrings',134.44,'Ring'),(89,'Diamond Ring',299.61,'Pendant'),(90,'Gemstone Earrings',172.54,'Necklace'),(91,'Crystal Pendant Handmade Bracelet Platinum Ring',180.36,'Necklace'),(92,'Gold Necklace',228.25,'Earrings'),(93,'Diamond Ring',121.82,'Earrings'),(94,'Crystal Pendant Handmade Bracelet Platinum Ring',494.61,'Ring'),(95,'Gold Necklace',264.38,'Pendant'),(96,'Diamond Ring',273.29,'Earrings'),(97,'Gold Necklace',358.23,'Necklace'),(98,'Pearl Bracelet',332.25,'Pendant'),(99,'Diamond Ring',339.08,'Ring'),(100,'Gemstone Earrings',383.92,'Bracelet');
/*!40000 ALTER TABLE `product` ENABLE KEYS */;
UNLOCK TABLES;

--
-- Table structure for table `productwarehouse`
--

DROP TABLE IF EXISTS `productwarehouse`;
/*!40101 SET @saved_cs_client     = @@character_set_client */;
/*!50503 SET character_set_client = utf8mb4 */;
CREATE TABLE `productwarehouse` (
  `ProductID` int NOT NULL,
  `WarehouseID` int NOT NULL,
  `Stock` int NOT NULL,
  PRIMARY KEY (`ProductID`,`WarehouseID`),
  KEY `WarehouseID` (`WarehouseID`),
  CONSTRAINT `productwarehouse_ibfk_1` FOREIGN KEY (`ProductID`) REFERENCES `product` (`ProductID`),
  CONSTRAINT `productwarehouse_ibfk_2` FOREIGN KEY (`WarehouseID`) REFERENCES `warehouse` (`WarehouseID`)
) ENGINE=InnoDB DEFAULT CHARSET=utf8mb4 COLLATE=utf8mb4_0900_ai_ci;
/*!40101 SET character_set_client = @saved_cs_client */;

--
-- Dumping data for table `productwarehouse`
--

LOCK TABLES `productwarehouse` WRITE;
/*!40000 ALTER TABLE `productwarehouse` DISABLE KEYS */;
INSERT INTO `productwarehouse` VALUES (1,1,367),(1,2,284),(1,6,96),(1,7,354),(1,10,466),(2,1,372),(2,4,44),(2,8,462),(3,1,59),(3,4,106),(3,5,407),(3,6,327),(3,7,77),(3,8,476),(4,1,23),(4,2,144),(5,2,125),(5,3,188),(5,6,462),(6,1,298),(6,2,338),(6,4,295),(6,6,327),(6,8,380),(6,10,226),(7,8,61),(8,2,495),(8,6,239),(8,8,76),(8,10,14),(9,3,91),(9,6,194),(9,7,16),(9,8,250),(9,9,428),(10,1,84),(10,8,136);
/*!40000 ALTER TABLE `productwarehouse` ENABLE KEYS */;
UNLOCK TABLES;

--
-- Table structure for table `warehouse`
--

DROP TABLE IF EXISTS `warehouse`;
/*!40101 SET @saved_cs_client     = @@character_set_client */;
/*!50503 SET character_set_client = utf8mb4 */;
CREATE TABLE `warehouse` (
  `WarehouseID` int NOT NULL AUTO_INCREMENT,
  `Location` varchar(100) NOT NULL,
  `Capacity` int NOT NULL,
  PRIMARY KEY (`WarehouseID`)
) ENGINE=InnoDB AUTO_INCREMENT=11 DEFAULT CHARSET=utf8mb4 COLLATE=utf8mb4_0900_ai_ci;
/*!40101 SET character_set_client = @saved_cs_client */;

--
-- Dumping data for table `warehouse`
--

LOCK TABLES `warehouse` WRITE;
/*!40000 ALTER TABLE `warehouse` DISABLE KEYS */;
INSERT INTO `warehouse` VALUES (1,'Dublin',1000),(2,'Cork',800),(3,'Galway',500),(4,'Trakai',989),(5,'Shisui',4884),(6,'Kamionka Wielka',4137),(7,'Vitarte',2366),(8,'Tampere',676),(9,'Soeng Sang',1851),(10,'Kaiyun',3718);
/*!40000 ALTER TABLE `warehouse` ENABLE KEYS */;
UNLOCK TABLES;

--
-- Dumping routines for database 'jewelryshopdb'
--

--
-- Final view structure for view `mostfrequenttransactions`
--

/*!50001 DROP VIEW IF EXISTS `mostfrequenttransactions`*/;
/*!50001 SET @saved_cs_client          = @@character_set_client */;
/*!50001 SET @saved_cs_results         = @@character_set_results */;
/*!50001 SET @saved_col_connection     = @@collation_connection */;
/*!50001 SET character_set_client      = utf8mb4 */;
/*!50001 SET character_set_results     = utf8mb4 */;
/*!50001 SET collation_connection      = utf8mb4_0900_ai_ci */;
/*!50001 CREATE ALGORITHM=UNDEFINED */
/*!50013 DEFINER=`root`@`localhost` SQL SECURITY DEFINER */
/*!50001 VIEW `mostfrequenttransactions` AS select `orderdetails`.`ProductID` AS `ProductID`,sum(`orderdetails`.`Quantity`) AS `TotalSold` from `orderdetails` group by `orderdetails`.`ProductID` order by `TotalSold` desc limit 7 */;
/*!50001 SET character_set_client      = @saved_cs_client */;
/*!50001 SET character_set_results     = @saved_cs_results */;
/*!50001 SET collation_connection      = @saved_col_connection */;
/*!40103 SET TIME_ZONE=@OLD_TIME_ZONE */;

/*!40101 SET SQL_MODE=@OLD_SQL_MODE */;
/*!40014 SET FOREIGN_KEY_CHECKS=@OLD_FOREIGN_KEY_CHECKS */;
/*!40014 SET UNIQUE_CHECKS=@OLD_UNIQUE_CHECKS */;
/*!40101 SET CHARACTER_SET_CLIENT=@OLD_CHARACTER_SET_CLIENT */;
/*!40101 SET CHARACTER_SET_RESULTS=@OLD_CHARACTER_SET_RESULTS */;
/*!40101 SET COLLATION_CONNECTION=@OLD_COLLATION_CONNECTION */;
/*!40111 SET SQL_NOTES=@OLD_SQL_NOTES */;

-- Dump completed on 2024-12-03  0:18:54
